Initialized native services in: /opt/gradle/.gradle/native
Initialized jansi services in: /opt/gradle/.gradle/native
The client will now receive all logging from the daemon (pid: 63). The daemon log file: /opt/gradle/.gradle/daemon/9.3.1/daemon-63.out.log
Starting 10th build in daemon [uptime: 19 mins 23.934 secs, performance: 98%, GC rate: 0.00/s, heap usage: 0% of 4 GiB]
Using 4 worker leases.
Operational build model parameters: {requiresToolingModels=false, parallelProjectExecution=true, configureOnDemand=false, configurationCache=true, configurationCacheParallelStore=false, configurationCacheParallelLoad=true, isolatedProjects=false, parallelProjectConfiguration=false, intermediateModelCache=false, parallelToolingApiActions=true, invalidateCoupledProjects=false, modelAsProjectDependency=false, resilientModelBuilding=false}
Encryption key source: default Gradle keystore (pkcs12)
Calculating task graph as no cached configuration is available for tasks: test
Watching the file system is configured to be enabled if available
Unable to list file systems to check whether they can be watched. Disabling watching. Reason: Could not query file systems: could not open mount file (errno 2: No such file or directory)
File system watching is inactive
Starting Build
Resolved plugin [id: 'org.gradle.toolchains.foojay-resolver-convention', version: '1.0.0']
Settings evaluated using settings file '/app/applet/settings.gradle.kts'.
Using local directory build cache for the root build (location = /opt/gradle/.gradle/caches/build-cache-1, remove unused entries = after 7 days).
Projects loaded. Root project using build file '/app/applet/build.gradle.kts'.
Included projects: [root project 'My Application', project ':app']

> Configure project :
Evaluating root project 'My Application' using build file '/app/applet/build.gradle.kts'.
Resolved plugin [id: 'com.android.application', version: '9.1.1', apply: false]
Resolved plugin [id: 'org.jetbrains.kotlin.plugin.compose', version: '2.2.10', apply: false]
Resolved plugin [id: 'com.google.devtools.ksp', version: '2.3.5', apply: false]
Resolved plugin [id: 'io.github.takahirom.roborazzi', version: '1.59.0', apply: false]
Resolved plugin [id: 'com.google.android.libraries.mapsplatform.secrets-gradle-plugin', version: '2.0.1', apply: false]

> Configure project :app
Evaluating project ':app' using build file '/app/applet/app/build.gradle.kts'.
Resolved plugin [id: 'com.android.application', version: '9.1.1']
Resolved plugin [id: 'org.jetbrains.kotlin.plugin.compose', version: '2.2.10']
Resolved plugin [id: 'com.google.devtools.ksp', version: '2.3.5']
Resolved plugin [id: 'io.github.takahirom.roborazzi', version: '1.59.0']
Resolved plugin [id: 'com.google.android.libraries.mapsplatform.secrets-gradle-plugin', version: '2.0.1']
Build fc552397-8331-4a4b-af01-ccb919feae68 is started
Using default execution profile
Detected Android Gradle Plugin compose compiler configuration
Detected Android Gradle Plugin compose compiler configuration
Detected Android Gradle Plugin compose compiler configuration
Detected Android Gradle Plugin compose compiler configuration
All projects evaluated.
Task name matched 'test'
Selected primary task 'test' from project :
Adding -Xuse-inline-scopes-numbers Kotlin compiler flag for task :app:compileDebugKotlin
Tasks to be executed: [task ':app:preBuild', task ':app:preDebugBuild', task ':app:generateDebugBuildConfig', task ':app:generateDebugResources', task ':app:packageDebugResources', task ':app:processDebugNavigationResources', task ':app:parseDebugLocalResources', task ':app:generateDebugRFile', task ':app:kspDebugKotlin', task ':app:compileDebugKotlin', task ':app:javaPreCompileDebug', task ':app:compileDebugJavaWithJavac', task ':app:checkDebugAarMetadata', task ':app:mapDebugSourceSetPaths', task ':app:compileDebugNavigationResources', task ':app:mergeDebugResources', task ':app:createDebugCompatibleScreenManifests', task ':app:extractDeepLinksDebug', task ':app:processDebugMainManifest', task ':app:processDebugManifest', task ':app:processDebugManifestForPackage', task ':app:processDebugResources', task ':app:bundleDebugClassesToRuntimeJar', task ':app:bundleDebugClassesToCompileJar', task ':app:kspDebugUnitTestKotlin', task ':app:preDebugUnitTestBuild', task ':app:compileDebugUnitTestKotlin', task ':app:javaPreCompileDebugUnitTest', task ':app:compileDebugUnitTestJavaWithJavac', task ':app:generateDebugAssets', task ':app:mergeDebugAssets', task ':app:packageDebugUnitTestForUnitTest', task ':app:processDebugUnitTestManifest', task ':app:generateDebugUnitTestConfig', task ':app:processDebugJavaRes', task ':app:processDebugUnitTestJavaRes', task ':app:testDebugUnitTest', task ':app:finalizeTestRoborazziDebug', task ':app:test']
Tasks that were excluded: []
Roborazzi: Set output dir file collection to test task
Roborazzi: Set output dir /app/applet/app/build/intermediates/roborazzi to test task
Roborazzi: Set output dir /app/applet/app/build/test-results/roborazzi/debug/results to test task
Roborazzi: Set output file /app/applet/app/build/test-results/roborazzi/debug/results-summary.json to test task
Roborazzi: Set output file /app/applet/app/build/reports/roborazzi/debug/index.html to test task
Build fc552397-8331-4a4b-af01-ccb919feae68 is closed
Using local directory build cache for the root build (location = /opt/gradle/.gradle/caches/build-cache-1, remove unused entries = after 7 days).
Ignoring listeners of task graph ready event, as this build (:) has already executed work.
Resolve mutations for :app:preBuild (Thread[#543,Execution worker Thread 2,5,main]) started.
Resolve mutations for :app:generateDebugAssets (Thread[#542,Execution worker,5,main]) started.
:app:preBuild (Thread[#543,Execution worker Thread 2,5,main]) started.
:app:generateDebugAssets (Thread[#542,Execution worker,5,main]) started.

> Task :app:generateDebugAssets UP-TO-DATE
Skipping task ':app:generateDebugAssets' as it has no actions.

> Task :app:preBuild UP-TO-DATE
Skipping task ':app:preBuild' as it has no actions.
Resolve mutations for :app:preDebugBuild (Thread[#543,Execution worker Thread 2,5,main]) started.
Resolve mutations for :app:preDebugUnitTestBuild (Thread[#541,included builds,5,main]) started.
:app:preDebugBuild (Thread[#543,Execution worker Thread 2,5,main]) started.
:app:preDebugUnitTestBuild (Thread[#541,included builds,5,main]) started.

> Task :app:preDebugBuild UP-TO-DATE
Skipping task ':app:preDebugBuild' as it has no actions.

> Task :app:preDebugUnitTestBuild UP-TO-DATE
Skipping task ':app:preDebugUnitTestBuild' as it has no actions.
Resolve mutations for :app:generateDebugBuildConfig (Thread[#543,Execution worker Thread 2,5,main]) started.
Resolve mutations for :app:generateDebugResources (Thread[#544,Execution worker Thread 3,5,main]) started.
Resolve mutations for :app:processDebugNavigationResources (Thread[#542,Execution worker,5,main]) started.
Resolve mutations for :app:javaPreCompileDebug (Thread[#541,included builds,5,main]) started.
:app:processDebugNavigationResources (Thread[#542,Execution worker,5,main]) started.
:app:generateDebugBuildConfig (Thread[#543,Execution worker Thread 2,5,main]) started.
:app:generateDebugResources (Thread[#544,Execution worker Thread 3,5,main]) started.
:app:javaPreCompileDebug (Thread[#541,included builds,5,main]) started.

> Task :app:generateDebugBuildConfig UP-TO-DATE
Build cache key for task ':app:generateDebugBuildConfig' is 29d261ec78b54df44565a4086e1a4cc9
Skipping task ':app:generateDebugBuildConfig' as it is up-to-date.

> Task :app:generateDebugResources UP-TO-DATE
Build cache key for task ':app:generateDebugResources' is ccda26d14cce19693977f7a4ea3e2299
Skipping task ':app:generateDebugResources' as it is up-to-date.
Resolve mutations for :app:packageDebugResources (Thread[#544,Execution worker Thread 3,5,main]) started.
Resolve mutations for :app:kspDebugKotlin (Thread[#543,Execution worker Thread 2,5,main]) started.
:app:kspDebugKotlin (Thread[#543,Execution worker Thread 2,5,main]) started.
:app:packageDebugResources (Thread[#544,Execution worker Thread 3,5,main]) started.

> Task :app:javaPreCompileDebug UP-TO-DATE
Build cache key for task ':app:javaPreCompileDebug' is 6ba5eeaf77bbe8c9bfdd87e299ebf281
Skipping task ':app:javaPreCompileDebug' as it is up-to-date.
Resolve mutations for :app:checkDebugAarMetadata (Thread[#541,included builds,5,main]) started.
:app:checkDebugAarMetadata (Thread[#541,included builds,5,main]) started.

> Task :app:packageDebugResources UP-TO-DATE
Build cache key for task ':app:packageDebugResources' is 78504a2b863849abc97b562317be19d4
Skipping task ':app:packageDebugResources' as it is up-to-date.
Resolve mutations for :app:mapDebugSourceSetPaths (Thread[#544,Execution worker Thread 3,5,main]) started.
:app:mapDebugSourceSetPaths (Thread[#544,Execution worker Thread 3,5,main]) started.

> Task :app:mapDebugSourceSetPaths UP-TO-DATE
Caching disabled for task ':app:mapDebugSourceSetPaths' because:
  Caching has been disabled for the task
Skipping task ':app:mapDebugSourceSetPaths' as it is up-to-date.
Resolve mutations for :app:mergeDebugResources (Thread[#544,Execution worker Thread 3,5,main]) started.
:app:mergeDebugResources (Thread[#544,Execution worker Thread 3,5,main]) started.

> Task :app:checkDebugAarMetadata UP-TO-DATE
Caching disabled for task ':app:checkDebugAarMetadata' because:
  Caching has been disabled for the task
Skipping task ':app:checkDebugAarMetadata' as it is up-to-date.
Resolve mutations for :app:createDebugCompatibleScreenManifests (Thread[#541,included builds,5,main]) started.
:app:createDebugCompatibleScreenManifests (Thread[#541,included builds,5,main]) started.

> Task :app:mergeDebugResources UP-TO-DATE
Build cache key for task ':app:mergeDebugResources' is 1787fe02ce749ba6b7525e481e7371e7
Skipping task ':app:mergeDebugResources' as it is up-to-date.
Resolve mutations for :app:extractDeepLinksDebug (Thread[#544,Execution worker Thread 3,5,main]) started.
:app:extractDeepLinksDebug (Thread[#544,Execution worker Thread 3,5,main]) started.

> Task :app:extractDeepLinksDebug UP-TO-DATE
Build cache key for task ':app:extractDeepLinksDebug' is 001e243b66caedb918624935c951816c
Skipping task ':app:extractDeepLinksDebug' as it is up-to-date.
Resolve mutations for :app:processDebugMainManifest (Thread[#544,Execution worker Thread 3,5,main]) started.

> Task :app:createDebugCompatibleScreenManifests UP-TO-DATE
Caching disabled for task ':app:createDebugCompatibleScreenManifests' because:
  Caching has been disabled for the task
Skipping task ':app:createDebugCompatibleScreenManifests' as it is up-to-date.
:app:processDebugMainManifest (Thread[#544,Execution worker Thread 3,5,main]) started.
Resolve mutations for :app:javaPreCompileDebugUnitTest (Thread[#541,included builds,5,main]) started.
:app:javaPreCompileDebugUnitTest (Thread[#541,included builds,5,main]) started.

> Task :app:processDebugNavigationResources UP-TO-DATE
Build cache key for task ':app:processDebugNavigationResources' is 6703971bba17f4f9a59d0be3c16f321d
Skipping task ':app:processDebugNavigationResources' as it is up-to-date.
Resolve mutations for :app:parseDebugLocalResources (Thread[#542,Execution worker,5,main]) started.
:app:parseDebugLocalResources (Thread[#542,Execution worker,5,main]) started.

> Task :app:processDebugMainManifest UP-TO-DATE
Build cache key for task ':app:processDebugMainManifest' is c9f7f6db8aa5363769d515f88c1380f8
Skipping task ':app:processDebugMainManifest' as it is up-to-date.
Resolve mutations for :app:compileDebugNavigationResources (Thread[#544,Execution worker Thread 3,5,main]) started.
:app:compileDebugNavigationResources (Thread[#544,Execution worker Thread 3,5,main]) started.

> Task :app:parseDebugLocalResources UP-TO-DATE
Build cache key for task ':app:parseDebugLocalResources' is b995d09bcb515c37029eb67498751dcc
Skipping task ':app:parseDebugLocalResources' as it is up-to-date.
Resolve mutations for :app:generateDebugRFile (Thread[#542,Execution worker,5,main]) started.
:app:generateDebugRFile (Thread[#542,Execution worker,5,main]) started.

> Task :app:compileDebugNavigationResources UP-TO-DATE
Build cache key for task ':app:compileDebugNavigationResources' is cb3aa7a7fb4fa825eecbff7919fd1f9b
Skipping task ':app:compileDebugNavigationResources' as it is up-to-date.
Resolve mutations for :app:processDebugManifest (Thread[#544,Execution worker Thread 3,5,main]) started.
:app:processDebugManifest (Thread[#544,Execution worker Thread 3,5,main]) started.

> Task :app:javaPreCompileDebugUnitTest
Build cache key for task ':app:javaPreCompileDebugUnitTest' is f4e7f5b994e4eb406e45713a3d371760
Task ':app:javaPreCompileDebugUnitTest' is not up-to-date because:
  No history is available.
Stored cache entry for task ':app:javaPreCompileDebugUnitTest' with cache key f4e7f5b994e4eb406e45713a3d371760
Resolve mutations for :app:mergeDebugAssets (Thread[#541,included builds,5,main]) started.

> Task :app:generateDebugRFile UP-TO-DATE
Build cache key for task ':app:generateDebugRFile' is 3461edf2078f1667b7275842885e4a60
Skipping task ':app:generateDebugRFile' as it is up-to-date.
:app:mergeDebugAssets (Thread[#541,included builds,5,main]) started.
work action resolve navigation.json (project :app) (Thread[#542,Execution worker,5,main]) started.
Resolve mutations for :app:processDebugUnitTestManifest (Thread[#542,Execution worker,5,main]) started.
:app:processDebugUnitTestManifest (Thread[#542,Execution worker,5,main]) started.

> Task :app:processDebugManifest UP-TO-DATE
Build cache key for task ':app:processDebugManifest' is a882423c81554fb4b96d4ca9d41e377c
Skipping task ':app:processDebugManifest' as it is up-to-date.
Resolve mutations for :app:processDebugManifestForPackage (Thread[#544,Execution worker Thread 3,5,main]) started.
:app:processDebugManifestForPackage (Thread[#544,Execution worker Thread 3,5,main]) started.

> Task :app:processDebugManifestForPackage UP-TO-DATE
Build cache key for task ':app:processDebugManifestForPackage' is f95463fe69cd210a5b089670d8acc392
Skipping task ':app:processDebugManifestForPackage' as it is up-to-date.
Resolve mutations for :app:processDebugResources (Thread[#544,Execution worker Thread 3,5,main]) started.
:app:processDebugResources (Thread[#544,Execution worker Thread 3,5,main]) started.

> Task :app:mergeDebugAssets UP-TO-DATE
Caching disabled for task ':app:mergeDebugAssets' because:
  Simple merging task
Skipping task ':app:mergeDebugAssets' as it is up-to-date.

> Task :app:processDebugResources UP-TO-DATE
Build cache key for task ':app:processDebugResources' is 83dd4609d054a5123d6521248341e1e9
Skipping task ':app:processDebugResources' as it is up-to-date.
Resolve mutations for :app:packageDebugUnitTestForUnitTest (Thread[#544,Execution worker Thread 3,5,main]) started.
:app:packageDebugUnitTestForUnitTest (Thread[#541,included builds,5,main]) started.

> Task :app:packageDebugUnitTestForUnitTest
Caching disabled for task ':app:packageDebugUnitTestForUnitTest' because:
  Simple merging task
Task ':app:packageDebugUnitTestForUnitTest' is not up-to-date because:
  No history is available.

> Task :app:processDebugUnitTestManifest
Caching disabled for AarTransform: /opt/gradle/.gradle/caches/9.3.1/transforms/883a8d5f71698725cf771baa4c9c4906/transformed/ui-test-junit4-release because:
  Caching not enabled.
Caching disabled for AarTransform: /opt/gradle/.gradle/caches/9.3.1/transforms/f29f5891b4f667601e078499c05d707c/transformed/ui-test-release because:
  Caching not enabled.
Caching disabled for AarTransform: /opt/gradle/.gradle/caches/9.3.1/transforms/1f67b6f15fd4a65bb8a65c7cc96b1342/transformed/roborazzi-compose-1.59.0 because:
  Caching not enabled.
Caching disabled for AarTransform: /opt/gradle/.gradle/caches/9.3.1/transforms/ca75f1e444ddd89338c23f9f7f1e54d6/transformed/roborazzi-junit-rule-1.59.0 because:
  Caching not enabled.
Caching disabled for AarTransform: /opt/gradle/.gradle/caches/9.3.1/transforms/03f9d90272e8eb9d72d35aab45d0c251/transformed/junit-ktx-1.2.1 because:
  Caching not enabled.
Caching disabled for AarTransform: /opt/gradle/.gradle/caches/9.3.1/transforms/ab717af1cd6078d3816f1c1d53d42123/transformed/junit-1.3.0 because:
  Caching not enabled.
Caching disabled for AarTransform: /opt/gradle/.gradle/caches/9.3.1/transforms/dea08d17a17deb728c982500916b1060/transformed/espresso-core-3.5.1 because:
  Caching not enabled.
Caching disabled for AarTransform: /opt/gradle/.gradle/caches/9.3.1/transforms/e77253a335ceaae9e37aba9f7207a6a7/transformed/core-1.7.0 because:
  Caching not enabled.
Caching disabled for AarTransform: /opt/gradle/.gradle/caches/9.3.1/transforms/5c47928825c9d46fdb31aee72b350e37/transformed/runner-1.5.2 because:
  Caching not enabled.
Caching disabled for AarTransform: /opt/gradle/.gradle/caches/9.3.1/transforms/89bbfbbfc741a84916e27667dfa93fac/transformed/storage-1.6.0 because:
  Caching not enabled.
Caching disabled for AarTransform: /opt/gradle/.gradle/caches/9.3.1/transforms/b126c193755b17d101087e83769ce716/transformed/monitor-1.8.0 because:
  Caching not enabled.
Caching disabled for AarTransform: /opt/gradle/.gradle/caches/9.3.1/transforms/e0e1ea3c31c277b5c47ca461e1729ef9/transformed/annotation-1.0.1 because:
  Caching not enabled.
Caching disabled for AarTransform: /opt/gradle/.gradle/caches/9.3.1/transforms/3d6412384bd5822160776e5b8c0cab80/transformed/espresso-idling-resource-3.7.0 because:
  Caching not enabled.
Caching disabled for AarTransform: /opt/gradle/.gradle/caches/9.3.1/transforms/f3bacc855a502ca521f971b239b0b764/transformed/roborazzi-core-release because:
  Caching not enabled.
Caching disabled for AarTransform: /opt/gradle/.gradle/caches/9.3.1/transforms/1bf2e167bce0631b0ba7b07ff4721038/transformed/roborazzi-1.59.0 because:
  Caching not enabled.
Caching disabled for AarTransform: /opt/gradle/.gradle/caches/9.3.1/transforms/1f67b6f15fd4a65bb8a65c7cc96b1342/transformed/roborazzi-compose-1.59.0 because:
  Caching not enabled.
Caching disabled for AarTransform: /opt/gradle/.gradle/caches/9.3.1/transforms/883a8d5f71698725cf771baa4c9c4906/transformed/ui-test-junit4-release because:
  Caching not enabled.
Caching disabled for AarTransform: /opt/gradle/.gradle/caches/9.3.1/transforms/1bf2e167bce0631b0ba7b07ff4721038/transformed/roborazzi-1.59.0 because:
  Caching not enabled.
Caching disabled for AarTransform: /opt/gradle/.gradle/caches/9.3.1/transforms/f3bacc855a502ca521f971b239b0b764/transformed/roborazzi-core-release because:
  Caching not enabled.
Caching disabled for AarTransform: /opt/gradle/.gradle/caches/9.3.1/transforms/03f9d90272e8eb9d72d35aab45d0c251/transformed/junit-ktx-1.2.1 because:
  Caching not enabled.
Caching disabled for AarTransform: /opt/gradle/.gradle/caches/9.3.1/transforms/ab717af1cd6078d3816f1c1d53d42123/transformed/junit-1.3.0 because:
  Caching not enabled.
Caching disabled for AarTransform: /opt/gradle/.gradle/caches/9.3.1/transforms/dea08d17a17deb728c982500916b1060/transformed/espresso-core-3.5.1 because:
  Caching not enabled.
Caching disabled for AarTransform: /opt/gradle/.gradle/caches/9.3.1/transforms/e77253a335ceaae9e37aba9f7207a6a7/transformed/core-1.7.0 because:
  Caching not enabled.
Caching disabled for AarTransform: /opt/gradle/.gradle/caches/9.3.1/transforms/5c47928825c9d46fdb31aee72b350e37/transformed/runner-1.5.2 because:
  Caching not enabled.
Caching disabled for AarTransform: /opt/gradle/.gradle/caches/9.3.1/transforms/89bbfbbfc741a84916e27667dfa93fac/transformed/storage-1.6.0 because:
  Caching not enabled.
Caching disabled for AarTransform: /opt/gradle/.gradle/caches/9.3.1/transforms/b126c193755b17d101087e83769ce716/transformed/monitor-1.8.0 because:
  Caching not enabled.
Caching disabled for AarTransform: /opt/gradle/.gradle/caches/9.3.1/transforms/e0e1ea3c31c277b5c47ca461e1729ef9/transformed/annotation-1.0.1 because:
  Caching not enabled.
Caching disabled for AarTransform: /opt/gradle/.gradle/caches/9.3.1/transforms/3d6412384bd5822160776e5b8c0cab80/transformed/espresso-idling-resource-3.7.0 because:
  Caching not enabled.
Caching disabled for AarTransform: /opt/gradle/.gradle/caches/9.3.1/transforms/ca75f1e444ddd89338c23f9f7f1e54d6/transformed/roborazzi-junit-rule-1.59.0 because:
  Caching not enabled.
Caching disabled for AarTransform: /opt/gradle/.gradle/caches/9.3.1/transforms/f29f5891b4f667601e078499c05d707c/transformed/ui-test-release because:
  Caching not enabled.
Caching disabled for task ':app:processDebugUnitTestManifest' because:
  Caching has been disabled for the task
Task ':app:processDebugUnitTestManifest' is not up-to-date because:
  No history is available.
Generating in /app/applet/app/build/intermediates/tmp/manifest/test/debug/tempFile1ProcessTestManifest995285121644846339.xml
Loading library manifest /app/applet/app/build/intermediates/tmp/manifest/test/debug/tempFile1ProcessTestManifest995285121644846339.xml
Merging main manifest /app/applet/app/src/main/AndroidManifest.xml

Merging library manifest /app/applet/app/build/intermediates/tmp/manifest/test/debug/tempFile1ProcessTestManifest995285121644846339.xml
Merging manifest with lower tempFile1ProcessTestManifest995285121644846339.xml:2:1-7:12
uses-sdk defined in both files...
Merging uses-sdk with lower tempFile1ProcessTestManifest995285121644846339.xml:5:5-74
1<?xml version="1.0" encoding="utf-8"?>
2<manifest xmlns:android="http://schemas.android.com/apk/res/android"
3    xmlns:tools="http://schemas.android.com/tools"
4    package="com.aistudio.orbit.xyzzy" >
5
6    <uses-sdk
6-->INJECTED
7        android:minSdkVersion="24"
7-->INJECTED
8        android:targetSdkVersion="36" />
8-->INJECTED
9
10    <uses-permission android:name="android.permission.INTERNET" />
10-->/app/applet/app/src/main/AndroidManifest.xml:5:5-67
10-->/app/applet/app/src/main/AndroidManifest.xml:5:22-64
11
12    <application
12-->/app/applet/app/src/main/AndroidManifest.xml:7:5-40:19
13        android:name="com.example.CookrApplication"
13-->/app/applet/app/src/main/AndroidManifest.xml:8:9-41
14        android:allowBackup="true"
14-->/app/applet/app/src/main/AndroidManifest.xml:9:9-35
15        android:dataExtractionRules="@xml/data_extraction_rules"
15-->/app/applet/app/src/main/AndroidManifest.xml:10:9-65
16        android:fullBackupContent="@xml/backup_rules"
16-->/app/applet/app/src/main/AndroidManifest.xml:11:9-54
17        android:icon="@mipmap/ic_launcher"
17-->/app/applet/app/src/main/AndroidManifest.xml:12:9-43
18        android:label="@string/app_name"
18-->/app/applet/app/src/main/AndroidManifest.xml:13:9-41
19        android:roundIcon="@mipmap/ic_launcher_round"
19-->/app/applet/app/src/main/AndroidManifest.xml:14:9-54
20        android:supportsRtl="true"
20-->/app/applet/app/src/main/AndroidManifest.xml:15:9-35
21        android:theme="@style/Theme.MyApplication" >
21-->/app/applet/app/src/main/AndroidManifest.xml:16:9-51
22        <activity
22-->/app/applet/app/src/main/AndroidManifest.xml:17:9-27:20
23            android:name="com.example.MainActivity"
23-->/app/applet/app/src/main/AndroidManifest.xml:18:13-41
24            android:exported="true"
24-->/app/applet/app/src/main/AndroidManifest.xml:19:13-36
25            android:label="@string/app_name"
25-->/app/applet/app/src/main/AndroidManifest.xml:20:13-45
26            android:theme="@style/Theme.MyApplication" >
26-->/app/applet/app/src/main/AndroidManifest.xml:21:13-55
27            <intent-filter>
27-->/app/applet/app/src/main/AndroidManifest.xml:22:13-26:29
28                <action android:name="android.intent.action.MAIN" />
28-->/app/applet/app/src/main/AndroidManifest.xml:23:17-69
28-->/app/applet/app/src/main/AndroidManifest.xml:23:25-66
29
30                <category android:name="android.intent.category.LAUNCHER" />
30-->/app/applet/app/src/main/AndroidManifest.xml:25:17-77
30-->/app/applet/app/src/main/AndroidManifest.xml:25:27-74
31            </intent-filter>
32        </activity>
33
34        <receiver
34-->/app/applet/app/src/main/AndroidManifest.xml:29:9-38:20
35            android:name="com.example.presentation.widget.CookrWidgetReceiver"
35-->/app/applet/app/src/main/AndroidManifest.xml:30:13-68
36            android:exported="true" >
36-->/app/applet/app/src/main/AndroidManifest.xml:31:13-36
37            <intent-filter>
37-->/app/applet/app/src/main/AndroidManifest.xml:32:13-34:29
38                <action android:name="android.appwidget.action.APPWIDGET_UPDATE" />
38-->/app/applet/app/src/main/AndroidManifest.xml:33:17-84
38-->/app/applet/app/src/main/AndroidManifest.xml:33:25-81
39            </intent-filter>
40
41            <meta-data
41-->/app/applet/app/src/main/AndroidManifest.xml:35:13-37:61
42                android:name="android.appwidget.provider"
42-->/app/applet/app/src/main/AndroidManifest.xml:36:17-58
43                android:resource="@xml/cookr_widget_info" />
43-->/app/applet/app/src/main/AndroidManifest.xml:37:17-58
44        </receiver>
45    </application>
46
47</manifest>

Merged manifest saved to /app/applet/app/build/intermediates/tmp/manifest/test/debug/tempFile2ProcessTestManifest17440941072424717933.xml
Loading library manifest /opt/gradle/.gradle/caches/9.3.1/transforms/954c9bd1ad9f16232da8c3f99b23b78f/transformed/navigation-common-2.8.9/AndroidManifest.xml
Loading library manifest /opt/gradle/.gradle/caches/9.3.1/transforms/a558073552e9f2c12e6b96d3b5283bd4/transformed/navigation-runtime-2.8.9/AndroidManifest.xml
Loading library manifest /opt/gradle/.gradle/caches/9.3.1/transforms/ef543467c8c04961471db7ece4a2ea7b/transformed/navigation-common-ktx-2.8.9/AndroidManifest.xml
Loading library manifest /opt/gradle/.gradle/caches/9.3.1/transforms/aa11f96701ab6940ddb6b686b1e44492/transformed/navigation-runtime-ktx-2.8.9/AndroidManifest.xml
Loading library manifest /opt/gradle/.gradle/caches/9.3.1/transforms/fb2e702e7f70572f7a4dc1875784a6f2/transformed/navigation-compose-2.8.9/AndroidManifest.xml
Loading library manifest /opt/gradle/.gradle/caches/9.3.1/transforms/9deb92b592dac06b670f880830879acc/transformed/glance-1.1.1/AndroidManifest.xml
Loading library manifest /opt/gradle/.gradle/caches/9.3.1/transforms/0b1174dcc04afc884d903e9fe778e406/transformed/glance-appwidget-1.1.1/AndroidManifest.xml
Loading library manifest /opt/gradle/.gradle/caches/9.3.1/transforms/707cfbc28f16e25fd325310200d515e1/transformed/material3-release/AndroidManifest.xml
Loading library manifest /opt/gradle/.gradle/caches/9.3.1/transforms/a0becddba99c6997cadb7b1782c7856a/transformed/coil-compose-2.7.0/AndroidManifest.xml
Loading library manifest /opt/gradle/.gradle/caches/9.3.1/transforms/84d33481e1ca02878636d9092f743d3e/transformed/coil-compose-base-2.7.0/AndroidManifest.xml
Loading library manifest /opt/gradle/.gradle/caches/9.3.1/transforms/886746eb6d7e52ac3178eaf9179c8e41/transformed/foundation-release/AndroidManifest.xml
Loading library manifest /opt/gradle/.gradle/caches/9.3.1/transforms/88a64a53c0f3636176f299a4b2fb0af5/transformed/foundation-layout-release/AndroidManifest.xml
Loading library manifest /opt/gradle/.gradle/caches/9.3.1/transforms/883a8d5f71698725cf771baa4c9c4906/transformed/ui-test-junit4-release/AndroidManifest.xml
Loading library manifest /opt/gradle/.gradle/caches/9.3.1/transforms/7857a0c50333b7bd90478b5feec4bc56/transformed/ui-tooling-data-release/AndroidManifest.xml
Loading library manifest /opt/gradle/.gradle/caches/9.3.1/transforms/f29f5891b4f667601e078499c05d707c/transformed/ui-test-release/AndroidManifest.xml
Loading library manifest /opt/gradle/.gradle/caches/9.3.1/transforms/59aef84d3a6a573c2e702699be0863fb/transformed/ui-geometry-release/AndroidManifest.xml
Loading library manifest /opt/gradle/.gradle/caches/9.3.1/transforms/fcd1cda3bcb785e8c9446d3e08bae682/transformed/ui-tooling-preview-release/AndroidManifest.xml
Loading library manifest /opt/gradle/.gradle/caches/9.3.1/transforms/c13d3f7547fc0ea0d94d46ea4014b89c/transformed/animation-core-release/AndroidManifest.xml
Loading library manifest /opt/gradle/.gradle/caches/9.3.1/transforms/019b6ae3796ae46c243e8f0f1b04bd32/transformed/ui-util-release/AndroidManifest.xml
Loading library manifest /opt/gradle/.gradle/caches/9.3.1/transforms/343942ae50ff9f0bb6b6b7e33fc74fc8/transformed/ui-unit-release/AndroidManifest.xml
Loading library manifest /opt/gradle/.gradle/caches/9.3.1/transforms/d0da874eed80cfba2fc3430683fde177/transformed/ui-text-release/AndroidManifest.xml
Loading library manifest /opt/gradle/.gradle/caches/9.3.1/transforms/dc3ccda9b3970ec6ede2abd8966193af/transformed/ui-tooling-release/AndroidManifest.xml
Loading library manifest /opt/gradle/.gradle/caches/9.3.1/transforms/a4319a4ad195b5a1675230ab3214ae47/transformed/material-release/AndroidManifest.xml
Loading library manifest /opt/gradle/.gradle/caches/9.3.1/transforms/e282a5f23af73056d2b2c77fb2b12cb1/transformed/material-ripple-release/AndroidManifest.xml
Loading library manifest /opt/gradle/.gradle/caches/9.3.1/transforms/301a3b76ce4ab53cc14791236f4bad91/transformed/animation-release/AndroidManifest.xml
Loading library manifest /opt/gradle/.gradle/caches/9.3.1/transforms/5d6dc27e68f6f03f2b1d004c07f7efdc/transformed/ui-graphics-release/AndroidManifest.xml
Loading library manifest /opt/gradle/.gradle/caches/9.3.1/transforms/9819b5ede3066450d42af5121017237d/transformed/ui-test-manifest-1.7.2/AndroidManifest.xml
Loading library manifest /opt/gradle/.gradle/caches/9.3.1/transforms/adfd712b660e0d79d8efe12a54024fbe/transformed/activity-1.10.1/AndroidManifest.xml
Loading library manifest /opt/gradle/.gradle/caches/9.3.1/transforms/72cd6599776201ffff92048959d3a626/transformed/activity-ktx-1.10.1/AndroidManifest.xml
Loading library manifest /opt/gradle/.gradle/caches/9.3.1/transforms/6e0488c1b9589e673738c2c37b670064/transformed/activity-compose-1.10.1/AndroidManifest.xml
Loading library manifest /opt/gradle/.gradle/caches/9.3.1/transforms/20e6a6f074e0ff361c6ddce16e992a2a/transformed/work-runtime-ktx-2.9.1/AndroidManifest.xml
Loading library manifest /opt/gradle/.gradle/caches/9.3.1/transforms/aa49414efd70e635775ac5dc53abbd59/transformed/work-runtime-2.9.1/AndroidManifest.xml
Loading library manifest /opt/gradle/.gradle/caches/9.3.1/transforms/1f67b6f15fd4a65bb8a65c7cc96b1342/transformed/roborazzi-compose-1.59.0/AndroidManifest.xml
Loading library manifest /opt/gradle/.gradle/caches/9.3.1/transforms/ca75f1e444ddd89338c23f9f7f1e54d6/transformed/roborazzi-junit-rule-1.59.0/AndroidManifest.xml
Loading library manifest /opt/gradle/.gradle/caches/9.3.1/transforms/1bf2e167bce0631b0ba7b07ff4721038/transformed/roborazzi-1.59.0/AndroidManifest.xml
Loading library manifest /opt/gradle/.gradle/caches/9.3.1/transforms/f3bacc855a502ca521f971b239b0b764/transformed/roborazzi-core-release/AndroidManifest.xml
Loading library manifest /opt/gradle/.gradle/caches/9.3.1/transforms/ca0340d4bb141d26bda49fd921d70d34/transformed/coil-2.7.0/AndroidManifest.xml
Loading library manifest /opt/gradle/.gradle/caches/9.3.1/transforms/b68da43042a07d776c0cb6d3086b4103/transformed/coil-base-2.7.0/AndroidManifest.xml
Loading library manifest /opt/gradle/.gradle/caches/9.3.1/transforms/da837374e25fbb94b8bb5c9147fa7bdd/transformed/customview-poolingcontainer-1.0.0/AndroidManifest.xml
Loading library manifest /opt/gradle/.gradle/caches/9.3.1/transforms/817591e9bd263b8c426fae231bef9357/transformed/core-ktx-1.18.0/AndroidManifest.xml
Loading library manifest /opt/gradle/.gradle/caches/9.3.1/transforms/4c142221d39330d5a6bbbf9952f3721a/transformed/core-remoteviews-1.1.0/AndroidManifest.xml
Loading library manifest /opt/gradle/.gradle/caches/9.3.1/transforms/7adf4d45022ef651d573d34ecf1e026f/transformed/autofill-1.0.0/AndroidManifest.xml
Loading library manifest /opt/gradle/.gradle/caches/9.3.1/transforms/c093ad506a38ee874bb20f5f8c0427cd/transformed/appcompat-resources-1.6.1/AndroidManifest.xml
Loading library manifest /opt/gradle/.gradle/caches/9.3.1/transforms/2c2632ad6cd47baaf5358376a9b928bd/transformed/vectordrawable-animated-1.1.0/AndroidManifest.xml
Loading library manifest /opt/gradle/.gradle/caches/9.3.1/transforms/27534691b14779f910f372a37ca7e375/transformed/vectordrawable-1.1.0/AndroidManifest.xml
Loading library manifest /opt/gradle/.gradle/caches/9.3.1/transforms/efa83bc5bca5e773ec6bd19382efdcb1/transformed/graphics-path-1.0.1/AndroidManifest.xml
Loading library manifest /opt/gradle/.gradle/caches/9.3.1/transforms/01373a581ce9c954a9cb6dffaace76fc/transformed/emoji2-1.3.0/AndroidManifest.xml
Loading library manifest /opt/gradle/.gradle/caches/9.3.1/transforms/ec18e3147d60a498248ed324f921e334/transformed/core-1.18.0/AndroidManifest.xml
Loading library manifest /opt/gradle/.gradle/caches/9.3.1/transforms/03f9d90272e8eb9d72d35aab45d0c251/transformed/junit-ktx-1.2.1/AndroidManifest.xml
Loading library manifest /opt/gradle/.gradle/caches/9.3.1/transforms/ab717af1cd6078d3816f1c1d53d42123/transformed/junit-1.3.0/AndroidManifest.xml
Loading library manifest /opt/gradle/.gradle/caches/9.3.1/transforms/dea08d17a17deb728c982500916b1060/transformed/espresso-core-3.5.1/AndroidManifest.xml
Loading library manifest /opt/gradle/.gradle/caches/9.3.1/transforms/e77253a335ceaae9e37aba9f7207a6a7/transformed/core-1.7.0/AndroidManifest.xml
Loading library manifest /opt/gradle/.gradle/caches/9.3.1/transforms/2ee56a8f4543c25beeba7b53ef33e942/transformed/savedstate-ktx-1.2.1/AndroidManifest.xml
Loading library manifest /opt/gradle/.gradle/caches/9.3.1/transforms/a1aca20a01eedf2307b4c111940e3149/transformed/savedstate-1.2.1/AndroidManifest.xml
Loading library manifest /opt/gradle/.gradle/caches/9.3.1/transforms/f342e0fe65bdf9f3c6523cfe8ce97f7e/transformed/lifecycle-process-2.8.7/AndroidManifest.xml
Loading library manifest /opt/gradle/.gradle/caches/9.3.1/transforms/b9f1701acec1527947b3ee795b4f5704/transformed/lifecycle-livedata-core-ktx-2.8.7/AndroidManifest.xml
Loading library manifest /opt/gradle/.gradle/caches/9.3.1/transforms/e200e6fde7ad937cddc256226d0921d2/transformed/lifecycle-livedata-core-2.8.7/AndroidManifest.xml
Loading library manifest /opt/gradle/.gradle/caches/9.3.1/transforms/a4b0c39f5c4b913025b4d7b1e8e929ff/transformed/lifecycle-viewmodel-release/AndroidManifest.xml
Loading library manifest /opt/gradle/.gradle/caches/9.3.1/transforms/90fb30483b7b72957eb1a3ae11524d6f/transformed/lifecycle-runtime-release/AndroidManifest.xml
Loading library manifest /opt/gradle/.gradle/caches/9.3.1/transforms/ed240fc6273eb4374e8174015f57f72e/transformed/lifecycle-service-2.8.7/AndroidManifest.xml
Loading library manifest /opt/gradle/.gradle/caches/9.3.1/transforms/600db4b65b74db903b5067dd8508bdd0/transformed/lifecycle-livedata-2.8.7/AndroidManifest.xml
Loading library manifest /opt/gradle/.gradle/caches/9.3.1/transforms/f756e6837e144a27d1ac1f8620e36f0b/transformed/lifecycle-viewmodel-savedstate-2.8.7/AndroidManifest.xml
Loading library manifest /opt/gradle/.gradle/caches/9.3.1/transforms/fca98cf16eefd4fddc5305d0d6d353d8/transformed/lifecycle-viewmodel-ktx-2.8.7/AndroidManifest.xml
Loading library manifest /opt/gradle/.gradle/caches/9.3.1/transforms/fc892366bef0fd73028525022ceda0c4/transformed/lifecycle-runtime-ktx-release/AndroidManifest.xml
Loading library manifest /opt/gradle/.gradle/caches/9.3.1/transforms/9ee2dc1fdfcf43d30f401097137c8cb9/transformed/lifecycle-runtime-compose-release/AndroidManifest.xml
Loading library manifest /opt/gradle/.gradle/caches/9.3.1/transforms/ccbd20ff7bf1461d68c5c87de13b7130/transformed/lifecycle-viewmodel-compose-release/AndroidManifest.xml
Loading library manifest /opt/gradle/.gradle/caches/9.3.1/transforms/88f48acb6e5a2d84a8fd6f2b5fefbd90/transformed/material-icons-extended-release/AndroidManifest.xml
Loading library manifest /opt/gradle/.gradle/caches/9.3.1/transforms/23f7421a52dc90b8d92a54feb6900bf4/transformed/material-icons-core-release/AndroidManifest.xml
Loading library manifest /opt/gradle/.gradle/caches/9.3.1/transforms/3ee32ded9790479d943c24365c991b36/transformed/accompanist-drawablepainter-0.32.0/AndroidManifest.xml
Loading library manifest /opt/gradle/.gradle/caches/9.3.1/transforms/f5528be6beb57a6b2b363bec6d0094ec/transformed/ui-release/AndroidManifest.xml
Loading library manifest /opt/gradle/.gradle/caches/9.3.1/transforms/5c47928825c9d46fdb31aee72b350e37/transformed/runner-1.5.2/AndroidManifest.xml
Loading library manifest /opt/gradle/.gradle/caches/9.3.1/transforms/9dbb1f61e461a431c92a0cb58b45d25b/transformed/room-runtime-release/AndroidManifest.xml
Loading library manifest /opt/gradle/.gradle/caches/9.3.1/transforms/65379c1adfe59a5e7aa003f16c65f0b4/transformed/room-ktx-2.7.0/AndroidManifest.xml
Loading library manifest /opt/gradle/.gradle/caches/9.3.1/transforms/32a2ff16264fce0ac6790eba9784d789/transformed/runtime-saveable-release/AndroidManifest.xml
Loading library manifest /opt/gradle/.gradle/caches/9.3.1/transforms/d4160badf9f5ba589506e022daf754f4/transformed/runtime-release/AndroidManifest.xml
Loading library manifest /opt/gradle/.gradle/caches/9.3.1/transforms/974dd5d1d51a6d6565c2d1af1287b9a2/transformed/datastore-core-release/AndroidManifest.xml
Loading library manifest /opt/gradle/.gradle/caches/9.3.1/transforms/2e8ccd134dbdf3272de7ed4a2fde0b5b/transformed/datastore-preferences-core-release/AndroidManifest.xml
Loading library manifest /opt/gradle/.gradle/caches/9.3.1/transforms/16c9769148cb81f8263f49c8878feee1/transformed/datastore-release/AndroidManifest.xml
Loading library manifest /opt/gradle/.gradle/caches/9.3.1/transforms/34b4302be30c9d1eb75bb314361ac4f4/transformed/datastore-preferences-release/AndroidManifest.xml
Loading library manifest /opt/gradle/.gradle/caches/9.3.1/transforms/98f7fb2182eaff4e0d484cc4cdc170e4/transformed/profileinstaller-1.4.0/AndroidManifest.xml
Loading library manifest /opt/gradle/.gradle/caches/9.3.1/transforms/89bbfbbfc741a84916e27667dfa93fac/transformed/storage-1.6.0/AndroidManifest.xml
Loading library manifest /opt/gradle/.gradle/caches/9.3.1/transforms/b126c193755b17d101087e83769ce716/transformed/monitor-1.8.0/AndroidManifest.xml
Loading library manifest /opt/gradle/.gradle/caches/9.3.1/transforms/e0e1ea3c31c277b5c47ca461e1729ef9/transformed/annotation-1.0.1/AndroidManifest.xml
Loading library manifest /opt/gradle/.gradle/caches/9.3.1/transforms/04411cb59afbf4cfcf2b9c47cac822bf/transformed/annotation-experimental-1.4.1/AndroidManifest.xml
Loading library manifest /opt/gradle/.gradle/caches/9.3.1/transforms/b7e24e18046d6dae8f9b977b782b3598/transformed/core-viewtree-1.0.0/AndroidManifest.xml
Loading library manifest /opt/gradle/.gradle/caches/9.3.1/transforms/5c3bc5741bf334bbcd26c7ee59d7e021/transformed/sqlite-framework-release/AndroidManifest.xml
Loading library manifest /opt/gradle/.gradle/caches/9.3.1/transforms/6483a143c7f265a8ccce1621458e6b5a/transformed/sqlite-release/AndroidManifest.xml
Loading library manifest /opt/gradle/.gradle/caches/9.3.1/transforms/4b83c82635c2e424176db3280b681c8a/transformed/versionedparcelable-1.1.1/AndroidManifest.xml
Loading library manifest /opt/gradle/.gradle/caches/9.3.1/transforms/e173fd67248324147be8e0ea73a92c9f/transformed/core-runtime-2.2.0/AndroidManifest.xml
Loading library manifest /opt/gradle/.gradle/caches/9.3.1/transforms/49e768e269afd45b186016a603f69265/transformed/startup-runtime-1.1.1/AndroidManifest.xml
Loading library manifest /opt/gradle/.gradle/caches/9.3.1/transforms/f69860d9d8814b6a47e4a4ba98bcc6ba/transformed/tracing-1.2.0/AndroidManifest.xml
Loading library manifest /opt/gradle/.gradle/caches/9.3.1/transforms/30b74748837dff357f27cb754ed42af0/transformed/interpolator-1.0.0/AndroidManifest.xml
Loading library manifest /opt/gradle/.gradle/caches/9.3.1/transforms/94edb4ae5c3145b309ca06c5f9d32ad3/transformed/exifinterface-1.3.7/AndroidManifest.xml
Loading library manifest /opt/gradle/.gradle/caches/9.3.1/transforms/3d6412384bd5822160776e5b8c0cab80/transformed/espresso-idling-resource-3.7.0/AndroidManifest.xml
Merging main manifest /app/applet/app/build/intermediates/tmp/manifest/test/debug/tempFile2ProcessTestManifest17440941072424717933.xml

Merging library manifest /opt/gradle/.gradle/caches/9.3.1/transforms/954c9bd1ad9f16232da8c3f99b23b78f/transformed/navigation-common-2.8.9/AndroidManifest.xml
Merging manifest with lower [androidx.navigation:navigation-common:2.8.9] AndroidManifest.xml:17:1-22:12
uses-sdk defined in both files...
Merging uses-sdk with lower [androidx.navigation:navigation-common:2.8.9] AndroidManifest.xml:20:5-44
Merging library manifest /opt/gradle/.gradle/caches/9.3.1/transforms/a558073552e9f2c12e6b96d3b5283bd4/transformed/navigation-runtime-2.8.9/AndroidManifest.xml
Merging manifest with lower [androidx.navigation:navigation-runtime:2.8.9] AndroidManifest.xml:17:1-22:12
uses-sdk defined in both files...
Merging uses-sdk with lower [androidx.navigation:navigation-runtime:2.8.9] AndroidManifest.xml:20:5-44
Merging library manifest /opt/gradle/.gradle/caches/9.3.1/transforms/ef543467c8c04961471db7ece4a2ea7b/transformed/navigation-common-ktx-2.8.9/AndroidManifest.xml
Merging manifest with lower [androidx.navigation:navigation-common-ktx:2.8.9] AndroidManifest.xml:2:1-7:12
uses-sdk defined in both files...
Merging uses-sdk with lower [androidx.navigation:navigation-common-ktx:2.8.9] AndroidManifest.xml:5:5-44
Merging library manifest /opt/gradle/.gradle/caches/9.3.1/transforms/aa11f96701ab6940ddb6b686b1e44492/transformed/navigation-runtime-ktx-2.8.9/AndroidManifest.xml
Merging manifest with lower [androidx.navigation:navigation-runtime-ktx:2.8.9] AndroidManifest.xml:2:1-7:12
uses-sdk defined in both files...
Merging uses-sdk with lower [androidx.navigation:navigation-runtime-ktx:2.8.9] AndroidManifest.xml:5:5-44
Merging library manifest /opt/gradle/.gradle/caches/9.3.1/transforms/fb2e702e7f70572f7a4dc1875784a6f2/transformed/navigation-compose-2.8.9/AndroidManifest.xml
Merging manifest with lower [androidx.navigation:navigation-compose:2.8.9] AndroidManifest.xml:2:1-7:12
uses-sdk defined in both files...
Merging uses-sdk with lower [androidx.navigation:navigation-compose:2.8.9] AndroidManifest.xml:5:5-44
Merging library manifest /opt/gradle/.gradle/caches/9.3.1/transforms/9deb92b592dac06b670f880830879acc/transformed/glance-1.1.1/AndroidManifest.xml
Merging manifest with lower [androidx.glance:glance:1.1.1] AndroidManifest.xml:2:1-7:12
uses-sdk defined in both files...
Merging uses-sdk with lower [androidx.glance:glance:1.1.1] AndroidManifest.xml:5:5-44
Merging library manifest /opt/gradle/.gradle/caches/9.3.1/transforms/0b1174dcc04afc884d903e9fe778e406/transformed/glance-appwidget-1.1.1/AndroidManifest.xml
Merging manifest with lower [androidx.glance:glance-appwidget:1.1.1] AndroidManifest.xml:17:1-61:12
uses-sdk defined in both files...
Merging uses-sdk with lower [androidx.glance:glance-appwidget:1.1.1] AndroidManifest.xml:20:5-44
application defined in both files...
Merging application with lower [androidx.glance:glance-appwidget:1.1.1] AndroidManifest.xml:22:5-59:19
Adopted [activity: null]
Adopted [activity: null]
Adopted [receiver: null]
Adopted [receiver: null]
Adopted [receiver: null]
Adopted [service: null]
Merging library manifest /opt/gradle/.gradle/caches/9.3.1/transforms/707cfbc28f16e25fd325310200d515e1/transformed/material3-release/AndroidManifest.xml
Merging manifest with lower [androidx.compose.material3:material3-android:1.3.0] AndroidManifest.xml:17:1-22:12
uses-sdk defined in both files...
Merging uses-sdk with lower [androidx.compose.material3:material3-android:1.3.0] AndroidManifest.xml:20:5-44
Merging library manifest /opt/gradle/.gradle/caches/9.3.1/transforms/a0becddba99c6997cadb7b1782c7856a/transformed/coil-compose-2.7.0/AndroidManifest.xml
Merging manifest with lower [io.coil-kt:coil-compose:2.7.0] AndroidManifest.xml:2:1-7:12
uses-sdk defined in both files...
Merging uses-sdk with lower [io.coil-kt:coil-compose:2.7.0] AndroidManifest.xml:5:5-44
Merging library manifest /opt/gradle/.gradle/caches/9.3.1/transforms/84d33481e1ca02878636d9092f743d3e/transformed/coil-compose-base-2.7.0/AndroidManifest.xml
Merging manifest with lower [io.coil-kt:coil-compose-base:2.7.0] AndroidManifest.xml:2:1-7:12
uses-sdk defined in both files...
Merging uses-sdk with lower [io.coil-kt:coil-compose-base:2.7.0] AndroidManifest.xml:5:5-44
Merging library manifest /opt/gradle/.gradle/caches/9.3.1/transforms/886746eb6d7e52ac3178eaf9179c8e41/transformed/foundation-release/AndroidManifest.xml
Merging manifest with lower [androidx.compose.foundation:foundation-android:1.7.2] AndroidManifest.xml:2:1-7:12
uses-sdk defined in both files...
Merging uses-sdk with lower [androidx.compose.foundation:foundation-android:1.7.2] AndroidManifest.xml:5:5-44
Merging library manifest /opt/gradle/.gradle/caches/9.3.1/transforms/88a64a53c0f3636176f299a4b2fb0af5/transformed/foundation-layout-release/AndroidManifest.xml
Merging manifest with lower [androidx.compose.foundation:foundation-layout-android:1.7.2] AndroidManifest.xml:2:1-7:12
uses-sdk defined in both files...
Merging uses-sdk with lower [androidx.compose.foundation:foundation-layout-android:1.7.2] AndroidManifest.xml:5:5-44
Merging library manifest /opt/gradle/.gradle/caches/9.3.1/transforms/883a8d5f71698725cf771baa4c9c4906/transformed/ui-test-junit4-release/AndroidManifest.xml
Merging manifest with lower [androidx.compose.ui:ui-test-junit4-android:1.7.2] AndroidManifest.xml:2:1-7:12
uses-sdk defined in both files...
Merging uses-sdk with lower [androidx.compose.ui:ui-test-junit4-android:1.7.2] AndroidManifest.xml:5:5-44
Merging library manifest /opt/gradle/.gradle/caches/9.3.1/transforms/7857a0c50333b7bd90478b5feec4bc56/transformed/ui-tooling-data-release/AndroidManifest.xml
Merging manifest with lower [androidx.compose.ui:ui-tooling-data-android:1.7.2] AndroidManifest.xml:2:1-7:12
uses-sdk defined in both files...
Merging uses-sdk with lower [androidx.compose.ui:ui-tooling-data-android:1.7.2] AndroidManifest.xml:5:5-44
Merging library manifest /opt/gradle/.gradle/caches/9.3.1/transforms/f29f5891b4f667601e078499c05d707c/transformed/ui-test-release/AndroidManifest.xml
Merging manifest with lower [androidx.compose.ui:ui-test-android:1.7.2] AndroidManifest.xml:2:1-7:12
uses-sdk defined in both files...
Merging uses-sdk with lower [androidx.compose.ui:ui-test-android:1.7.2] AndroidManifest.xml:5:5-44
Merging library manifest /opt/gradle/.gradle/caches/9.3.1/transforms/59aef84d3a6a573c2e702699be0863fb/transformed/ui-geometry-release/AndroidManifest.xml
Merging manifest with lower [androidx.compose.ui:ui-geometry-android:1.7.2] AndroidManifest.xml:2:1-7:12
uses-sdk defined in both files...
Merging uses-sdk with lower [androidx.compose.ui:ui-geometry-android:1.7.2] AndroidManifest.xml:5:5-44
Merging library manifest /opt/gradle/.gradle/caches/9.3.1/transforms/fcd1cda3bcb785e8c9446d3e08bae682/transformed/ui-tooling-preview-release/AndroidManifest.xml
Merging manifest with lower [androidx.compose.ui:ui-tooling-preview-android:1.7.2] AndroidManifest.xml:17:1-22:12
uses-sdk defined in both files...
Merging uses-sdk with lower [androidx.compose.ui:ui-tooling-preview-android:1.7.2] AndroidManifest.xml:20:5-44
Merging library manifest /opt/gradle/.gradle/caches/9.3.1/transforms/c13d3f7547fc0ea0d94d46ea4014b89c/transformed/animation-core-release/AndroidManifest.xml
Merging manifest with lower [androidx.compose.animation:animation-core-android:1.7.2] AndroidManifest.xml:2:1-7:12
uses-sdk defined in both files...
Merging uses-sdk with lower [androidx.compose.animation:animation-core-android:1.7.2] AndroidManifest.xml:5:5-44
Merging library manifest /opt/gradle/.gradle/caches/9.3.1/transforms/019b6ae3796ae46c243e8f0f1b04bd32/transformed/ui-util-release/AndroidManifest.xml
Merging manifest with lower [androidx.compose.ui:ui-util-android:1.7.2] AndroidManifest.xml:2:1-7:12
uses-sdk defined in both files...
Merging uses-sdk with lower [androidx.compose.ui:ui-util-android:1.7.2] AndroidManifest.xml:5:5-44
Merging library manifest /opt/gradle/.gradle/caches/9.3.1/transforms/343942ae50ff9f0bb6b6b7e33fc74fc8/transformed/ui-unit-release/AndroidManifest.xml
Merging manifest with lower [androidx.compose.ui:ui-unit-android:1.7.2] AndroidManifest.xml:2:1-7:12
uses-sdk defined in both files...
Merging uses-sdk with lower [androidx.compose.ui:ui-unit-android:1.7.2] AndroidManifest.xml:5:5-44
Merging library manifest /opt/gradle/.gradle/caches/9.3.1/transforms/d0da874eed80cfba2fc3430683fde177/transformed/ui-text-release/AndroidManifest.xml
Merging manifest with lower [androidx.compose.ui:ui-text-android:1.7.2] AndroidManifest.xml:2:1-7:12
uses-sdk defined in both files...
Merging uses-sdk with lower [androidx.compose.ui:ui-text-android:1.7.2] AndroidManifest.xml:5:5-44
Merging library manifest /opt/gradle/.gradle/caches/9.3.1/transforms/dc3ccda9b3970ec6ede2abd8966193af/transformed/ui-tooling-release/AndroidManifest.xml
Merging manifest with lower [androidx.compose.ui:ui-tooling-android:1.7.2] AndroidManifest.xml:17:1-28:12
uses-sdk defined in both files...
Merging uses-sdk with lower [androidx.compose.ui:ui-tooling-android:1.7.2] AndroidManifest.xml:20:5-44
application defined in both files...
Merging application with lower [androidx.compose.ui:ui-tooling-android:1.7.2] AndroidManifest.xml:22:5-26:19
Adopted [activity: null]
Merging library manifest /opt/gradle/.gradle/caches/9.3.1/transforms/a4319a4ad195b5a1675230ab3214ae47/transformed/material-release/AndroidManifest.xml
Merging manifest with lower [androidx.compose.material:material-android:1.7.0] AndroidManifest.xml:2:1-7:12
uses-sdk defined in both files...
Merging uses-sdk with lower [androidx.compose.material:material-android:1.7.0] AndroidManifest.xml:5:5-44
Merging library manifest /opt/gradle/.gradle/caches/9.3.1/transforms/e282a5f23af73056d2b2c77fb2b12cb1/transformed/material-ripple-release/AndroidManifest.xml
Merging manifest with lower [androidx.compose.material:material-ripple-android:1.7.0] AndroidManifest.xml:2:1-7:12
uses-sdk defined in both files...
Merging uses-sdk with lower [androidx.compose.material:material-ripple-android:1.7.0] AndroidManifest.xml:5:5-44
Merging library manifest /opt/gradle/.gradle/caches/9.3.1/transforms/301a3b76ce4ab53cc14791236f4bad91/transformed/animation-release/AndroidManifest.xml
Merging manifest with lower [androidx.compose.animation:animation-android:1.7.2] AndroidManifest.xml:2:1-7:12
uses-sdk defined in both files...
Merging uses-sdk with lower [androidx.compose.animation:animation-android:1.7.2] AndroidManifest.xml:5:5-44
Merging library manifest /opt/gradle/.gradle/caches/9.3.1/transforms/5d6dc27e68f6f03f2b1d004c07f7efdc/transformed/ui-graphics-release/AndroidManifest.xml
Merging manifest with lower [androidx.compose.ui:ui-graphics-android:1.7.2] AndroidManifest.xml:2:1-7:12
uses-sdk defined in both files...
Merging uses-sdk with lower [androidx.compose.ui:ui-graphics-android:1.7.2] AndroidManifest.xml:5:5-44
Merging library manifest /opt/gradle/.gradle/caches/9.3.1/transforms/9819b5ede3066450d42af5121017237d/transformed/ui-test-manifest-1.7.2/AndroidManifest.xml
Merging manifest with lower [androidx.compose.ui:ui-test-manifest:1.7.2] AndroidManifest.xml:17:1-28:12
uses-sdk defined in both files...
Merging uses-sdk with lower [androidx.compose.ui:ui-test-manifest:1.7.2] AndroidManifest.xml:20:5-44
application defined in both files...
Merging application with lower [androidx.compose.ui:ui-test-manifest:1.7.2] AndroidManifest.xml:22:5-26:19
Adopted [activity: null]
Merging library manifest /opt/gradle/.gradle/caches/9.3.1/transforms/adfd712b660e0d79d8efe12a54024fbe/transformed/activity-1.10.1/AndroidManifest.xml
Merging manifest with lower [androidx.activity:activity:1.10.1] AndroidManifest.xml:17:1-22:12
uses-sdk defined in both files...
Merging uses-sdk with lower [androidx.activity:activity:1.10.1] AndroidManifest.xml:20:5-44
Merging library manifest /opt/gradle/.gradle/caches/9.3.1/transforms/72cd6599776201ffff92048959d3a626/transformed/activity-ktx-1.10.1/AndroidManifest.xml
Merging manifest with lower [androidx.activity:activity-ktx:1.10.1] AndroidManifest.xml:2:1-7:12
uses-sdk defined in both files...
Merging uses-sdk with lower [androidx.activity:activity-ktx:1.10.1] AndroidManifest.xml:5:5-44
Merging library manifest /opt/gradle/.gradle/caches/9.3.1/transforms/6e0488c1b9589e673738c2c37b670064/transformed/activity-compose-1.10.1/AndroidManifest.xml
Merging manifest with lower [androidx.activity:activity-compose:1.10.1] AndroidManifest.xml:2:1-7:12
uses-sdk defined in both files...
Merging uses-sdk with lower [androidx.activity:activity-compose:1.10.1] AndroidManifest.xml:5:5-44
Merging library manifest /opt/gradle/.gradle/caches/9.3.1/transforms/20e6a6f074e0ff361c6ddce16e992a2a/transformed/work-runtime-ktx-2.9.1/AndroidManifest.xml
Merging manifest with lower [androidx.work:work-runtime-ktx:2.9.1] AndroidManifest.xml:17:1-22:12
uses-sdk defined in both files...
Merging uses-sdk with lower [androidx.work:work-runtime-ktx:2.9.1] AndroidManifest.xml:20:5-44
Merging library manifest /opt/gradle/.gradle/caches/9.3.1/transforms/aa49414efd70e635775ac5dc53abbd59/transformed/work-runtime-2.9.1/AndroidManifest.xml
Merging manifest with lower [androidx.work:work-runtime:2.9.1] AndroidManifest.xml:17:1-145:12
uses-sdk defined in both files...
Merging uses-sdk with lower [androidx.work:work-runtime:2.9.1] AndroidManifest.xml:21:5-44
Adopted [uses-permission: null]
Adopted [uses-permission: null]
Adopted [uses-permission: null]
Adopted [uses-permission: null]
application defined in both files...
Merging application with lower [androidx.work:work-runtime:2.9.1] AndroidManifest.xml:28:5-143:19
Adopted [provider: null]
Adopted [service: null]
Adopted [service: null]
Adopted [service: null]
Adopted [receiver: null]
Adopted [receiver: null]
Adopted [receiver: null]
Adopted [receiver: null]
Adopted [receiver: null]
Adopted [receiver: null]
Adopted [receiver: null]
Adopted [receiver: null]
Merging library manifest /opt/gradle/.gradle/caches/9.3.1/transforms/1f67b6f15fd4a65bb8a65c7cc96b1342/transformed/roborazzi-compose-1.59.0/AndroidManifest.xml
Merging manifest with lower [io.github.takahirom.roborazzi:roborazzi-compose:1.59.0] AndroidManifest.xml:2:1-10:12
uses-sdk defined in both files...
Merging uses-sdk with lower [io.github.takahirom.roborazzi:roborazzi-compose:1.59.0] AndroidManifest.xml:5:5-44
application defined in both files...
Merging application with lower [io.github.takahirom.roborazzi:roborazzi-compose:1.59.0] AndroidManifest.xml:7:5-8:19
Merging library manifest /opt/gradle/.gradle/caches/9.3.1/transforms/ca75f1e444ddd89338c23f9f7f1e54d6/transformed/roborazzi-junit-rule-1.59.0/AndroidManifest.xml
Merging manifest with lower [io.github.takahirom.roborazzi:roborazzi-junit-rule:1.59.0] AndroidManifest.xml:2:1-7:12
uses-sdk defined in both files...
Merging uses-sdk with lower [io.github.takahirom.roborazzi:roborazzi-junit-rule:1.59.0] AndroidManifest.xml:5:5-44
Merging library manifest /opt/gradle/.gradle/caches/9.3.1/transforms/1bf2e167bce0631b0ba7b07ff4721038/transformed/roborazzi-1.59.0/AndroidManifest.xml
Merging manifest with lower [io.github.takahirom.roborazzi:roborazzi:1.59.0] AndroidManifest.xml:2:1-14:12
uses-sdk defined in both files...
Merging uses-sdk with lower [io.github.takahirom.roborazzi:roborazzi:1.59.0] AndroidManifest.xml:5:5-44
application defined in both files...
Merging application with lower [io.github.takahirom.roborazzi:roborazzi:1.59.0] AndroidManifest.xml:7:5-12:19
Adopted [activity: null]
Adopted [activity: null]
Merging library manifest /opt/gradle/.gradle/caches/9.3.1/transforms/f3bacc855a502ca521f971b239b0b764/transformed/roborazzi-core-release/AndroidManifest.xml
Merging manifest with lower [io.github.takahirom.roborazzi:roborazzi-core-android:1.59.0] AndroidManifest.xml:2:1-7:12
uses-sdk defined in both files...
Merging uses-sdk with lower [io.github.takahirom.roborazzi:roborazzi-core-android:1.59.0] AndroidManifest.xml:5:5-44
Merging library manifest /opt/gradle/.gradle/caches/9.3.1/transforms/ca0340d4bb141d26bda49fd921d70d34/transformed/coil-2.7.0/AndroidManifest.xml
Merging manifest with lower [io.coil-kt:coil:2.7.0] AndroidManifest.xml:2:1-7:12
uses-sdk defined in both files...
Merging uses-sdk with lower [io.coil-kt:coil:2.7.0] AndroidManifest.xml:5:5-44
Merging library manifest /opt/gradle/.gradle/caches/9.3.1/transforms/b68da43042a07d776c0cb6d3086b4103/transformed/coil-base-2.7.0/AndroidManifest.xml
Merging manifest with lower [io.coil-kt:coil-base:2.7.0] AndroidManifest.xml:2:1-7:12
uses-sdk defined in both files...
Merging uses-sdk with lower [io.coil-kt:coil-base:2.7.0] AndroidManifest.xml:5:5-44
Merging library manifest /opt/gradle/.gradle/caches/9.3.1/transforms/da837374e25fbb94b8bb5c9147fa7bdd/transformed/customview-poolingcontainer-1.0.0/AndroidManifest.xml
Merging manifest with lower [androidx.customview:customview-poolingcontainer:1.0.0] AndroidManifest.xml:17:1-23:12
uses-sdk defined in both files...
Merging uses-sdk with lower [androidx.customview:customview-poolingcontainer:1.0.0] AndroidManifest.xml:20:5-21:38
Merging library manifest /opt/gradle/.gradle/caches/9.3.1/transforms/817591e9bd263b8c426fae231bef9357/transformed/core-ktx-1.18.0/AndroidManifest.xml
Merging manifest with lower [androidx.core:core-ktx:1.18.0] AndroidManifest.xml:2:1-7:12
uses-sdk defined in both files...
Merging uses-sdk with lower [androidx.core:core-ktx:1.18.0] AndroidManifest.xml:5:5-44
Merging library manifest /opt/gradle/.gradle/caches/9.3.1/transforms/4c142221d39330d5a6bbbf9952f3721a/transformed/core-remoteviews-1.1.0/AndroidManifest.xml
Merging manifest with lower [androidx.core:core-remoteviews:1.1.0] AndroidManifest.xml:17:1-30:12
uses-sdk defined in both files...
Merging uses-sdk with lower [androidx.core:core-remoteviews:1.1.0] AndroidManifest.xml:21:5-44
application defined in both files...
Merging application with lower [androidx.core:core-remoteviews:1.1.0] AndroidManifest.xml:23:5-28:19
Adopted [service: null]
Merging library manifest /opt/gradle/.gradle/caches/9.3.1/transforms/7adf4d45022ef651d573d34ecf1e026f/transformed/autofill-1.0.0/AndroidManifest.xml
Merging manifest with lower [androidx.autofill:autofill:1.0.0] AndroidManifest.xml:17:1-24:12
uses-sdk defined in both files...
Merging uses-sdk with lower [androidx.autofill:autofill:1.0.0] AndroidManifest.xml:20:5-22:41
Merging library manifest /opt/gradle/.gradle/caches/9.3.1/transforms/c093ad506a38ee874bb20f5f8c0427cd/transformed/appcompat-resources-1.6.1/AndroidManifest.xml
Merging manifest with lower [androidx.appcompat:appcompat-resources:1.6.1] AndroidManifest.xml:17:1-22:12
uses-sdk defined in both files...
Merging uses-sdk with lower [androidx.appcompat:appcompat-resources:1.6.1] AndroidManifest.xml:20:5-44
Merging library manifest /opt/gradle/.gradle/caches/9.3.1/transforms/2c2632ad6cd47baaf5358376a9b928bd/transformed/vectordrawable-animated-1.1.0/AndroidManifest.xml
Merging manifest with lower [androidx.vectordrawable:vectordrawable-animated:1.1.0] AndroidManifest.xml:17:1-24:12
uses-sdk defined in both files...
Merging uses-sdk with lower [androidx.vectordrawable:vectordrawable-animated:1.1.0] AndroidManifest.xml:20:5-22:41
Merging library manifest /opt/gradle/.gradle/caches/9.3.1/transforms/27534691b14779f910f372a37ca7e375/transformed/vectordrawable-1.1.0/AndroidManifest.xml
Merging manifest with lower [androidx.vectordrawable:vectordrawable:1.1.0] AndroidManifest.xml:17:1-24:12
uses-sdk defined in both files...
Merging uses-sdk with lower [androidx.vectordrawable:vectordrawable:1.1.0] AndroidManifest.xml:20:5-22:41
Merging library manifest /opt/gradle/.gradle/caches/9.3.1/transforms/efa83bc5bca5e773ec6bd19382efdcb1/transformed/graphics-path-1.0.1/AndroidManifest.xml
Merging manifest with lower [androidx.graphics:graphics-path:1.0.1] AndroidManifest.xml:2:1-7:12
uses-sdk defined in both files...
Merging uses-sdk with lower [androidx.graphics:graphics-path:1.0.1] AndroidManifest.xml:5:5-44
Merging library manifest /opt/gradle/.gradle/caches/9.3.1/transforms/01373a581ce9c954a9cb6dffaace76fc/transformed/emoji2-1.3.0/AndroidManifest.xml
Merging manifest with lower [androidx.emoji2:emoji2:1.3.0] AndroidManifest.xml:17:1-35:12
uses-sdk defined in both files...
Merging uses-sdk with lower [androidx.emoji2:emoji2:1.3.0] AndroidManifest.xml:21:5-44
application defined in both files...
Merging application with lower [androidx.emoji2:emoji2:1.3.0] AndroidManifest.xml:23:5-33:19
provider#androidx.startup.InitializationProvider defined in both files...
Merging provider#androidx.startup.InitializationProvider with lower [androidx.emoji2:emoji2:1.3.0] AndroidManifest.xml:24:9-32:20
Adopted [meta-data: null]
Merging library manifest /opt/gradle/.gradle/caches/9.3.1/transforms/ec18e3147d60a498248ed324f921e334/transformed/core-1.18.0/AndroidManifest.xml
Merging manifest with lower [androidx.core:core:1.18.0] AndroidManifest.xml:17:1-30:12
uses-sdk defined in both files...
Merging uses-sdk with lower [androidx.core:core:1.18.0] AndroidManifest.xml:20:5-44
Adopted [permission: null]
Adopted [uses-permission: null]
application defined in both files...
Merging application with lower [androidx.core:core:1.18.0] AndroidManifest.xml:28:5-89
Merging library manifest /opt/gradle/.gradle/caches/9.3.1/transforms/03f9d90272e8eb9d72d35aab45d0c251/transformed/junit-ktx-1.2.1/AndroidManifest.xml
Merging manifest with lower [androidx.test.ext:junit-ktx:1.2.1] AndroidManifest.xml:17:1-24:12
uses-sdk defined in both files...
Merging uses-sdk with lower [androidx.test.ext:junit-ktx:1.2.1] AndroidManifest.xml:20:5-22:41
Merging library manifest /opt/gradle/.gradle/caches/9.3.1/transforms/ab717af1cd6078d3816f1c1d53d42123/transformed/junit-1.3.0/AndroidManifest.xml
Merging manifest with lower [androidx.test.ext:junit:1.3.0] AndroidManifest.xml:17:1-24:12
uses-sdk defined in both files...
Merging uses-sdk with lower [androidx.test.ext:junit:1.3.0] AndroidManifest.xml:20:5-22:41
Merging library manifest /opt/gradle/.gradle/caches/9.3.1/transforms/dea08d17a17deb728c982500916b1060/transformed/espresso-core-3.5.1/AndroidManifest.xml
Merging manifest with lower [androidx.test.espresso:espresso-core:3.5.1] AndroidManifest.xml:17:1-24:12
uses-sdk defined in both files...
Merging uses-sdk with lower [androidx.test.espresso:espresso-core:3.5.1] AndroidManifest.xml:20:5-22:41
Merging library manifest /opt/gradle/.gradle/caches/9.3.1/transforms/e77253a335ceaae9e37aba9f7207a6a7/transformed/core-1.7.0/AndroidManifest.xml
Merging manifest with lower [androidx.test:core:1.7.0] AndroidManifest.xml:17:1-53:12
uses-sdk defined in both files...
Merging uses-sdk with lower [androidx.test:core:1.7.0] AndroidManifest.xml:20:5-22:41
Adopted [uses-permission: null]
application defined in both files...
Merging application with lower [androidx.test:core:1.7.0] AndroidManifest.xml:26:5-51:19
Adopted [activity: null]
Adopted [activity: null]
Adopted [activity: null]
Merging library manifest /opt/gradle/.gradle/caches/9.3.1/transforms/2ee56a8f4543c25beeba7b53ef33e942/transformed/savedstate-ktx-1.2.1/AndroidManifest.xml
Merging manifest with lower [androidx.savedstate:savedstate-ktx:1.2.1] AndroidManifest.xml:17:1-22:12
uses-sdk defined in both files...
Merging uses-sdk with lower [androidx.savedstate:savedstate-ktx:1.2.1] AndroidManifest.xml:20:5-44
Merging library manifest /opt/gradle/.gradle/caches/9.3.1/transforms/a1aca20a01eedf2307b4c111940e3149/transformed/savedstate-1.2.1/AndroidManifest.xml
Merging manifest with lower [androidx.savedstate:savedstate:1.2.1] AndroidManifest.xml:17:1-22:12
uses-sdk defined in both files...
Merging uses-sdk with lower [androidx.savedstate:savedstate:1.2.1] AndroidManifest.xml:20:5-44
Merging library manifest /opt/gradle/.gradle/caches/9.3.1/transforms/f342e0fe65bdf9f3c6523cfe8ce97f7e/transformed/lifecycle-process-2.8.7/AndroidManifest.xml
Merging manifest with lower [androidx.lifecycle:lifecycle-process:2.8.7] AndroidManifest.xml:17:1-35:12
uses-sdk defined in both files...
Merging uses-sdk with lower [androidx.lifecycle:lifecycle-process:2.8.7] AndroidManifest.xml:21:5-44
application defined in both files...
Merging application with lower [androidx.lifecycle:lifecycle-process:2.8.7] AndroidManifest.xml:23:5-33:19
provider#androidx.startup.InitializationProvider defined in both files...
Merging provider#androidx.startup.InitializationProvider with lower [androidx.lifecycle:lifecycle-process:2.8.7] AndroidManifest.xml:24:9-32:20
Adopted [meta-data: null]
Merging library manifest /opt/gradle/.gradle/caches/9.3.1/transforms/b9f1701acec1527947b3ee795b4f5704/transformed/lifecycle-livedata-core-ktx-2.8.7/AndroidManifest.xml
Merging manifest with lower [androidx.lifecycle:lifecycle-livedata-core-ktx:2.8.7] AndroidManifest.xml:2:1-7:12
uses-sdk defined in both files...
Merging uses-sdk with lower [androidx.lifecycle:lifecycle-livedata-core-ktx:2.8.7] AndroidManifest.xml:5:5-44
Merging library manifest /opt/gradle/.gradle/caches/9.3.1/transforms/e200e6fde7ad937cddc256226d0921d2/transformed/lifecycle-livedata-core-2.8.7/AndroidManifest.xml
Merging manifest with lower [androidx.lifecycle:lifecycle-livedata-core:2.8.7] AndroidManifest.xml:17:1-22:12
uses-sdk defined in both files...
Merging uses-sdk with lower [androidx.lifecycle:lifecycle-livedata-core:2.8.7] AndroidManifest.xml:20:5-44
Merging library manifest /opt/gradle/.gradle/caches/9.3.1/transforms/a4b0c39f5c4b913025b4d7b1e8e929ff/transformed/lifecycle-viewmodel-release/AndroidManifest.xml
Merging manifest with lower [androidx.lifecycle:lifecycle-viewmodel-android:2.8.7] AndroidManifest.xml:17:1-22:12
uses-sdk defined in both files...
Merging uses-sdk with lower [androidx.lifecycle:lifecycle-viewmodel-android:2.8.7] AndroidManifest.xml:20:5-44
Merging library manifest /opt/gradle/.gradle/caches/9.3.1/transforms/90fb30483b7b72957eb1a3ae11524d6f/transformed/lifecycle-runtime-release/AndroidManifest.xml
Merging manifest with lower [androidx.lifecycle:lifecycle-runtime-android:2.8.7] AndroidManifest.xml:17:1-22:12
uses-sdk defined in both files...
Merging uses-sdk with lower [androidx.lifecycle:lifecycle-runtime-android:2.8.7] AndroidManifest.xml:20:5-44
Merging library manifest /opt/gradle/.gradle/caches/9.3.1/transforms/ed240fc6273eb4374e8174015f57f72e/transformed/lifecycle-service-2.8.7/AndroidManifest.xml
Merging manifest with lower [androidx.lifecycle:lifecycle-service:2.8.7] AndroidManifest.xml:2:1-7:12
uses-sdk defined in both files...
Merging uses-sdk with lower [androidx.lifecycle:lifecycle-service:2.8.7] AndroidManifest.xml:5:5-44
Merging library manifest /opt/gradle/.gradle/caches/9.3.1/transforms/600db4b65b74db903b5067dd8508bdd0/transformed/lifecycle-livedata-2.8.7/AndroidManifest.xml
Merging manifest with lower [androidx.lifecycle:lifecycle-livedata:2.8.7] AndroidManifest.xml:17:1-22:12
uses-sdk defined in both files...
Merging uses-sdk with lower [androidx.lifecycle:lifecycle-livedata:2.8.7] AndroidManifest.xml:20:5-44
Merging library manifest /opt/gradle/.gradle/caches/9.3.1/transforms/f756e6837e144a27d1ac1f8620e36f0b/transformed/lifecycle-viewmodel-savedstate-2.8.7/AndroidManifest.xml
Merging manifest with lower [androidx.lifecycle:lifecycle-viewmodel-savedstate:2.8.7] AndroidManifest.xml:17:1-22:12
uses-sdk defined in both files...
Merging uses-sdk with lower [androidx.lifecycle:lifecycle-viewmodel-savedstate:2.8.7] AndroidManifest.xml:20:5-44
Merging library manifest /opt/gradle/.gradle/caches/9.3.1/transforms/fca98cf16eefd4fddc5305d0d6d353d8/transformed/lifecycle-viewmodel-ktx-2.8.7/AndroidManifest.xml
Merging manifest with lower [androidx.lifecycle:lifecycle-viewmodel-ktx:2.8.7] AndroidManifest.xml:2:1-7:12
uses-sdk defined in both files...
Merging uses-sdk with lower [androidx.lifecycle:lifecycle-viewmodel-ktx:2.8.7] AndroidManifest.xml:5:5-44
Merging library manifest /opt/gradle/.gradle/caches/9.3.1/transforms/fc892366bef0fd73028525022ceda0c4/transformed/lifecycle-runtime-ktx-release/AndroidManifest.xml
Merging manifest with lower [androidx.lifecycle:lifecycle-runtime-ktx-android:2.8.7] AndroidManifest.xml:2:1-7:12
uses-sdk defined in both files...
Merging uses-sdk with lower [androidx.lifecycle:lifecycle-runtime-ktx-android:2.8.7] AndroidManifest.xml:5:5-44
Merging library manifest /opt/gradle/.gradle/caches/9.3.1/transforms/9ee2dc1fdfcf43d30f401097137c8cb9/transformed/lifecycle-runtime-compose-release/AndroidManifest.xml
Merging manifest with lower [androidx.lifecycle:lifecycle-runtime-compose-android:2.8.7] AndroidManifest.xml:2:1-7:12
uses-sdk defined in both files...
Merging uses-sdk with lower [androidx.lifecycle:lifecycle-runtime-compose-android:2.8.7] AndroidManifest.xml:5:5-44
Merging library manifest /opt/gradle/.gradle/caches/9.3.1/transforms/ccbd20ff7bf1461d68c5c87de13b7130/transformed/lifecycle-viewmodel-compose-release/AndroidManifest.xml
Merging manifest with lower [androidx.lifecycle:lifecycle-viewmodel-compose-android:2.8.7] AndroidManifest.xml:2:1-7:12
uses-sdk defined in both files...
Merging uses-sdk with lower [androidx.lifecycle:lifecycle-viewmodel-compose-android:2.8.7] AndroidManifest.xml:5:5-44
Merging library manifest /opt/gradle/.gradle/caches/9.3.1/transforms/88f48acb6e5a2d84a8fd6f2b5fefbd90/transformed/material-icons-extended-release/AndroidManifest.xml
Merging manifest with lower [androidx.compose.material:material-icons-extended-android:1.7.0] AndroidManifest.xml:2:1-7:12
uses-sdk defined in both files...
Merging uses-sdk with lower [androidx.compose.material:material-icons-extended-android:1.7.0] AndroidManifest.xml:5:5-44
Merging library manifest /opt/gradle/.gradle/caches/9.3.1/transforms/23f7421a52dc90b8d92a54feb6900bf4/transformed/material-icons-core-release/AndroidManifest.xml
Merging manifest with lower [androidx.compose.material:material-icons-core-android:1.7.0] AndroidManifest.xml:2:1-7:12
uses-sdk defined in both files...
Merging uses-sdk with lower [androidx.compose.material:material-icons-core-android:1.7.0] AndroidManifest.xml:5:5-44
Merging library manifest /opt/gradle/.gradle/caches/9.3.1/transforms/3ee32ded9790479d943c24365c991b36/transformed/accompanist-drawablepainter-0.32.0/AndroidManifest.xml
Merging manifest with lower [com.google.accompanist:accompanist-drawablepainter:0.32.0] AndroidManifest.xml:17:1-23:12
uses-sdk defined in both files...
Merging uses-sdk with lower [com.google.accompanist:accompanist-drawablepainter:0.32.0] AndroidManifest.xml:21:5-44
Merging library manifest /opt/gradle/.gradle/caches/9.3.1/transforms/f5528be6beb57a6b2b363bec6d0094ec/transformed/ui-release/AndroidManifest.xml
Merging manifest with lower [androidx.compose.ui:ui-android:1.7.2] AndroidManifest.xml:2:1-7:12
uses-sdk defined in both files...
Merging uses-sdk with lower [androidx.compose.ui:ui-android:1.7.2] AndroidManifest.xml:5:5-44
Merging library manifest /opt/gradle/.gradle/caches/9.3.1/transforms/5c47928825c9d46fdb31aee72b350e37/transformed/runner-1.5.2/AndroidManifest.xml
Merging manifest with lower [androidx.test:runner:1.5.2] AndroidManifest.xml:17:1-32:12
uses-sdk defined in both files...
Merging uses-sdk with lower [androidx.test:runner:1.5.2] AndroidManifest.xml:20:5-22:41
Adopted [queries: null]
application defined in both files...
Merging application with lower [androidx.test:runner:1.5.2] AndroidManifest.xml:30:5-20
Merging library manifest /opt/gradle/.gradle/caches/9.3.1/transforms/9dbb1f61e461a431c92a0cb58b45d25b/transformed/room-runtime-release/AndroidManifest.xml
Merging manifest with lower [androidx.room:room-runtime-android:2.7.0] AndroidManifest.xml:17:1-31:12
uses-sdk defined in both files...
Merging uses-sdk with lower [androidx.room:room-runtime-android:2.7.0] AndroidManifest.xml:21:5-44
application defined in both files...
Merging application with lower [androidx.room:room-runtime-android:2.7.0] AndroidManifest.xml:23:5-29:19
Adopted [service: null]
Merging library manifest /opt/gradle/.gradle/caches/9.3.1/transforms/65379c1adfe59a5e7aa003f16c65f0b4/transformed/room-ktx-2.7.0/AndroidManifest.xml
Merging manifest with lower [androidx.room:room-ktx:2.7.0] AndroidManifest.xml:17:1-22:12
uses-sdk defined in both files...
Merging uses-sdk with lower [androidx.room:room-ktx:2.7.0] AndroidManifest.xml:20:5-44
Merging library manifest /opt/gradle/.gradle/caches/9.3.1/transforms/32a2ff16264fce0ac6790eba9784d789/transformed/runtime-saveable-release/AndroidManifest.xml
Merging manifest with lower [androidx.compose.runtime:runtime-saveable-android:1.7.2] AndroidManifest.xml:2:1-7:12
uses-sdk defined in both files...
Merging uses-sdk with lower [androidx.compose.runtime:runtime-saveable-android:1.7.2] AndroidManifest.xml:5:5-44
Merging library manifest /opt/gradle/.gradle/caches/9.3.1/transforms/d4160badf9f5ba589506e022daf754f4/transformed/runtime-release/AndroidManifest.xml
Merging manifest with lower [androidx.compose.runtime:runtime-android:1.7.2] AndroidManifest.xml:2:1-7:12
uses-sdk defined in both files...
Merging uses-sdk with lower [androidx.compose.runtime:runtime-android:1.7.2] AndroidManifest.xml:5:5-44
Merging library manifest /opt/gradle/.gradle/caches/9.3.1/transforms/974dd5d1d51a6d6565c2d1af1287b9a2/transformed/datastore-core-release/AndroidManifest.xml
Merging manifest with lower [androidx.datastore:datastore-core-android:1.1.7] AndroidManifest.xml:2:1-7:12
uses-sdk defined in both files...
Merging uses-sdk with lower [androidx.datastore:datastore-core-android:1.1.7] AndroidManifest.xml:5:5-44
Merging library manifest /opt/gradle/.gradle/caches/9.3.1/transforms/2e8ccd134dbdf3272de7ed4a2fde0b5b/transformed/datastore-preferences-core-release/AndroidManifest.xml
Merging manifest with lower [androidx.datastore:datastore-preferences-core-android:1.1.7] AndroidManifest.xml:2:1-7:12
uses-sdk defined in both files...
Merging uses-sdk with lower [androidx.datastore:datastore-preferences-core-android:1.1.7] AndroidManifest.xml:5:5-44
Merging library manifest /opt/gradle/.gradle/caches/9.3.1/transforms/16c9769148cb81f8263f49c8878feee1/transformed/datastore-release/AndroidManifest.xml
Merging manifest with lower [androidx.datastore:datastore-android:1.1.7] AndroidManifest.xml:17:1-22:12
uses-sdk defined in both files...
Merging uses-sdk with lower [androidx.datastore:datastore-android:1.1.7] AndroidManifest.xml:20:5-44
Merging library manifest /opt/gradle/.gradle/caches/9.3.1/transforms/34b4302be30c9d1eb75bb314361ac4f4/transformed/datastore-preferences-release/AndroidManifest.xml
Merging manifest with lower [androidx.datastore:datastore-preferences-android:1.1.7] AndroidManifest.xml:17:1-22:12
uses-sdk defined in both files...
Merging uses-sdk with lower [androidx.datastore:datastore-preferences-android:1.1.7] AndroidManifest.xml:20:5-44
Merging library manifest /opt/gradle/.gradle/caches/9.3.1/transforms/98f7fb2182eaff4e0d484cc4cdc170e4/transformed/profileinstaller-1.4.0/AndroidManifest.xml
Merging manifest with lower [androidx.profileinstaller:profileinstaller:1.4.0] AndroidManifest.xml:17:1-55:12
uses-sdk defined in both files...
Merging uses-sdk with lower [androidx.profileinstaller:profileinstaller:1.4.0] AndroidManifest.xml:21:5-44
application defined in both files...
Merging application with lower [androidx.profileinstaller:profileinstaller:1.4.0] AndroidManifest.xml:23:5-53:19
provider#androidx.startup.InitializationProvider defined in both files...
Merging provider#androidx.startup.InitializationProvider with lower [androidx.profileinstaller:profileinstaller:1.4.0] AndroidManifest.xml:24:9-32:20
Adopted [meta-data: null]
Adopted [receiver: null]
Merging library manifest /opt/gradle/.gradle/caches/9.3.1/transforms/89bbfbbfc741a84916e27667dfa93fac/transformed/storage-1.6.0/AndroidManifest.xml
Merging manifest with lower [androidx.test.services:storage:1.6.0] AndroidManifest.xml:17:1-24:12
uses-sdk defined in both files...
Merging uses-sdk with lower [androidx.test.services:storage:1.6.0] AndroidManifest.xml:20:5-22:41
Merging library manifest /opt/gradle/.gradle/caches/9.3.1/transforms/b126c193755b17d101087e83769ce716/transformed/monitor-1.8.0/AndroidManifest.xml
Merging manifest with lower [androidx.test:monitor:1.8.0] AndroidManifest.xml:17:1-24:12
uses-sdk defined in both files...
Merging uses-sdk with lower [androidx.test:monitor:1.8.0] AndroidManifest.xml:20:5-22:41
Merging library manifest /opt/gradle/.gradle/caches/9.3.1/transforms/e0e1ea3c31c277b5c47ca461e1729ef9/transformed/annotation-1.0.1/AndroidManifest.xml
Merging manifest with lower [androidx.test:annotation:1.0.1] AndroidManifest.xml:17:1-24:12
uses-sdk defined in both files...
Merging uses-sdk with lower [androidx.test:annotation:1.0.1] AndroidManifest.xml:20:5-22:41
Merging library manifest /opt/gradle/.gradle/caches/9.3.1/transforms/04411cb59afbf4cfcf2b9c47cac822bf/transformed/annotation-experimental-1.4.1/AndroidManifest.xml
Merging manifest with lower [androidx.annotation:annotation-experimental:1.4.1] AndroidManifest.xml:2:1-7:12
uses-sdk defined in both files...
Merging uses-sdk with lower [androidx.annotation:annotation-experimental:1.4.1] AndroidManifest.xml:5:5-44
Merging library manifest /opt/gradle/.gradle/caches/9.3.1/transforms/b7e24e18046d6dae8f9b977b782b3598/transformed/core-viewtree-1.0.0/AndroidManifest.xml
Merging manifest with lower [androidx.core:core-viewtree:1.0.0] AndroidManifest.xml:2:1-7:12
uses-sdk defined in both files...
Merging uses-sdk with lower [androidx.core:core-viewtree:1.0.0] AndroidManifest.xml:5:5-44
Merging library manifest /opt/gradle/.gradle/caches/9.3.1/transforms/5c3bc5741bf334bbcd26c7ee59d7e021/transformed/sqlite-framework-release/AndroidManifest.xml
Merging manifest with lower [androidx.sqlite:sqlite-framework-android:2.5.0] AndroidManifest.xml:17:1-22:12
uses-sdk defined in both files...
Merging uses-sdk with lower [androidx.sqlite:sqlite-framework-android:2.5.0] AndroidManifest.xml:20:5-44
Merging library manifest /opt/gradle/.gradle/caches/9.3.1/transforms/6483a143c7f265a8ccce1621458e6b5a/transformed/sqlite-release/AndroidManifest.xml
Merging manifest with lower [androidx.sqlite:sqlite-android:2.5.0] AndroidManifest.xml:17:1-22:12
uses-sdk defined in both files...
Merging uses-sdk with lower [androidx.sqlite:sqlite-android:2.5.0] AndroidManifest.xml:20:5-44
Merging library manifest /opt/gradle/.gradle/caches/9.3.1/transforms/4b83c82635c2e424176db3280b681c8a/transformed/versionedparcelable-1.1.1/AndroidManifest.xml
Merging manifest with lower [androidx.versionedparcelable:versionedparcelable:1.1.1] AndroidManifest.xml:17:1-27:12
uses-sdk defined in both files...
Merging uses-sdk with lower [androidx.versionedparcelable:versionedparcelable:1.1.1] AndroidManifest.xml:20:5-22:41
application defined in both files...
Merging application with lower [androidx.versionedparcelable:versionedparcelable:1.1.1] AndroidManifest.xml:24:5-25:19
Merging library manifest /opt/gradle/.gradle/caches/9.3.1/transforms/e173fd67248324147be8e0ea73a92c9f/transformed/core-runtime-2.2.0/AndroidManifest.xml
Merging manifest with lower [androidx.arch.core:core-runtime:2.2.0] AndroidManifest.xml:17:1-22:12
uses-sdk defined in both files...
Merging uses-sdk with lower [androidx.arch.core:core-runtime:2.2.0] AndroidManifest.xml:20:5-44
Merging library manifest /opt/gradle/.gradle/caches/9.3.1/transforms/49e768e269afd45b186016a603f69265/transformed/startup-runtime-1.1.1/AndroidManifest.xml
Merging manifest with lower [androidx.startup:startup-runtime:1.1.1] AndroidManifest.xml:17:1-33:12
uses-sdk defined in both files...
Merging uses-sdk with lower [androidx.startup:startup-runtime:1.1.1] AndroidManifest.xml:21:5-23:41
application defined in both files...
Merging application with lower [androidx.startup:startup-runtime:1.1.1] AndroidManifest.xml:25:5-31:19
provider#androidx.startup.InitializationProvider defined in both files...
Merging provider#androidx.startup.InitializationProvider with lower [androidx.startup:startup-runtime:1.1.1] AndroidManifest.xml:26:9-30:34
Merging library manifest /opt/gradle/.gradle/caches/9.3.1/transforms/f69860d9d8814b6a47e4a4ba98bcc6ba/transformed/tracing-1.2.0/AndroidManifest.xml
Merging manifest with lower [androidx.tracing:tracing:1.2.0] AndroidManifest.xml:17:1-22:12
uses-sdk defined in both files...
Merging uses-sdk with lower [androidx.tracing:tracing:1.2.0] AndroidManifest.xml:20:5-44
Merging library manifest /opt/gradle/.gradle/caches/9.3.1/transforms/30b74748837dff357f27cb754ed42af0/transformed/interpolator-1.0.0/AndroidManifest.xml
Merging manifest with lower [androidx.interpolator:interpolator:1.0.0] AndroidManifest.xml:17:1-22:12
uses-sdk defined in both files...
Merging uses-sdk with lower [androidx.interpolator:interpolator:1.0.0] AndroidManifest.xml:20:5-44
Merging library manifest /opt/gradle/.gradle/caches/9.3.1/transforms/94edb4ae5c3145b309ca06c5f9d32ad3/transformed/exifinterface-1.3.7/AndroidManifest.xml
Merging manifest with lower [androidx.exifinterface:exifinterface:1.3.7] AndroidManifest.xml:17:1-24:12
uses-sdk defined in both files...
Merging uses-sdk with lower [androidx.exifinterface:exifinterface:1.3.7] AndroidManifest.xml:20:5-22:41
Merging library manifest /opt/gradle/.gradle/caches/9.3.1/transforms/3d6412384bd5822160776e5b8c0cab80/transformed/espresso-idling-resource-3.7.0/AndroidManifest.xml
Merging manifest with lower [androidx.test.espresso:espresso-idling-resource:3.7.0] AndroidManifest.xml:17:1-24:12
uses-sdk defined in both files...
Merging uses-sdk with lower [androidx.test.espresso:espresso-idling-resource:3.7.0] AndroidManifest.xml:20:5-22:41
1<?xml version="1.0" encoding="utf-8"?>
2<manifest xmlns:android="http://schemas.android.com/apk/res/android"
3    package="com.aistudio.orbit.xyzzy" >
4
5    <uses-sdk
5-->/app/applet/app/build/intermediates/tmp/manifest/test/debug/tempFile2ProcessTestManifest17440941072424717933.xml:6:5-8:41
6        android:minSdkVersion="24"
6-->/app/applet/app/build/intermediates/tmp/manifest/test/debug/tempFile2ProcessTestManifest17440941072424717933.xml:7:9-35
7        android:targetSdkVersion="36" />
7-->/app/applet/app/build/intermediates/tmp/manifest/test/debug/tempFile2ProcessTestManifest17440941072424717933.xml:8:9-38
8
9    <uses-permission android:name="android.permission.INTERNET" />
9-->/app/applet/app/build/intermediates/tmp/manifest/test/debug/tempFile2ProcessTestManifest17440941072424717933.xml:10:5-67
9-->/app/applet/app/build/intermediates/tmp/manifest/test/debug/tempFile2ProcessTestManifest17440941072424717933.xml:10:22-64
10    <uses-permission android:name="android.permission.WAKE_LOCK" />
10-->[androidx.work:work-runtime:2.9.1] /opt/gradle/.gradle/caches/9.3.1/transforms/aa49414efd70e635775ac5dc53abbd59/transformed/work-runtime-2.9.1/AndroidManifest.xml:23:5-68
10-->[androidx.work:work-runtime:2.9.1] /opt/gradle/.gradle/caches/9.3.1/transforms/aa49414efd70e635775ac5dc53abbd59/transformed/work-runtime-2.9.1/AndroidManifest.xml:23:22-65
11    <uses-permission android:name="android.permission.ACCESS_NETWORK_STATE" />
11-->[androidx.work:work-runtime:2.9.1] /opt/gradle/.gradle/caches/9.3.1/transforms/aa49414efd70e635775ac5dc53abbd59/transformed/work-runtime-2.9.1/AndroidManifest.xml:24:5-79
11-->[androidx.work:work-runtime:2.9.1] /opt/gradle/.gradle/caches/9.3.1/transforms/aa49414efd70e635775ac5dc53abbd59/transformed/work-runtime-2.9.1/AndroidManifest.xml:24:22-76
12    <uses-permission android:name="android.permission.RECEIVE_BOOT_COMPLETED" />
12-->[androidx.work:work-runtime:2.9.1] /opt/gradle/.gradle/caches/9.3.1/transforms/aa49414efd70e635775ac5dc53abbd59/transformed/work-runtime-2.9.1/AndroidManifest.xml:25:5-81
12-->[androidx.work:work-runtime:2.9.1] /opt/gradle/.gradle/caches/9.3.1/transforms/aa49414efd70e635775ac5dc53abbd59/transformed/work-runtime-2.9.1/AndroidManifest.xml:25:22-78
13    <uses-permission android:name="android.permission.FOREGROUND_SERVICE" />
13-->[androidx.work:work-runtime:2.9.1] /opt/gradle/.gradle/caches/9.3.1/transforms/aa49414efd70e635775ac5dc53abbd59/transformed/work-runtime-2.9.1/AndroidManifest.xml:26:5-77
13-->[androidx.work:work-runtime:2.9.1] /opt/gradle/.gradle/caches/9.3.1/transforms/aa49414efd70e635775ac5dc53abbd59/transformed/work-runtime-2.9.1/AndroidManifest.xml:26:22-74
14
15    <permission
15-->[androidx.core:core:1.18.0] /opt/gradle/.gradle/caches/9.3.1/transforms/ec18e3147d60a498248ed324f921e334/transformed/core-1.18.0/AndroidManifest.xml:22:5-24:47
16        android:name="com.aistudio.orbit.xyzzy.DYNAMIC_RECEIVER_NOT_EXPORTED_PERMISSION"
16-->[androidx.core:core:1.18.0] /opt/gradle/.gradle/caches/9.3.1/transforms/ec18e3147d60a498248ed324f921e334/transformed/core-1.18.0/AndroidManifest.xml:23:9-81
17        android:protectionLevel="signature" />
17-->[androidx.core:core:1.18.0] /opt/gradle/.gradle/caches/9.3.1/transforms/ec18e3147d60a498248ed324f921e334/transformed/core-1.18.0/AndroidManifest.xml:24:9-44
18
19    <uses-permission android:name="com.aistudio.orbit.xyzzy.DYNAMIC_RECEIVER_NOT_EXPORTED_PERMISSION" />
19-->[androidx.core:core:1.18.0] /opt/gradle/.gradle/caches/9.3.1/transforms/ec18e3147d60a498248ed324f921e334/transformed/core-1.18.0/AndroidManifest.xml:26:5-97
19-->[androidx.core:core:1.18.0] /opt/gradle/.gradle/caches/9.3.1/transforms/ec18e3147d60a498248ed324f921e334/transformed/core-1.18.0/AndroidManifest.xml:26:22-94
20    <uses-permission android:name="android.permission.REORDER_TASKS" />
20-->[androidx.test:core:1.7.0] /opt/gradle/.gradle/caches/9.3.1/transforms/e77253a335ceaae9e37aba9f7207a6a7/transformed/core-1.7.0/AndroidManifest.xml:24:5-72
20-->[androidx.test:core:1.7.0] /opt/gradle/.gradle/caches/9.3.1/transforms/e77253a335ceaae9e37aba9f7207a6a7/transformed/core-1.7.0/AndroidManifest.xml:24:22-69
21
22    <queries>
22-->[androidx.test:runner:1.5.2] /opt/gradle/.gradle/caches/9.3.1/transforms/5c47928825c9d46fdb31aee72b350e37/transformed/runner-1.5.2/AndroidManifest.xml:24:5-28:15
23        <package android:name="androidx.test.orchestrator" />
23-->[androidx.test:runner:1.5.2] /opt/gradle/.gradle/caches/9.3.1/transforms/5c47928825c9d46fdb31aee72b350e37/transformed/runner-1.5.2/AndroidManifest.xml:25:9-62
23-->[androidx.test:runner:1.5.2] /opt/gradle/.gradle/caches/9.3.1/transforms/5c47928825c9d46fdb31aee72b350e37/transformed/runner-1.5.2/AndroidManifest.xml:25:18-59
24        <package android:name="androidx.test.services" />
24-->[androidx.test:runner:1.5.2] /opt/gradle/.gradle/caches/9.3.1/transforms/5c47928825c9d46fdb31aee72b350e37/transformed/runner-1.5.2/AndroidManifest.xml:26:9-58
24-->[androidx.test:runner:1.5.2] /opt/gradle/.gradle/caches/9.3.1/transforms/5c47928825c9d46fdb31aee72b350e37/transformed/runner-1.5.2/AndroidManifest.xml:26:18-55
25        <package android:name="com.google.android.apps.common.testing.services" />
25-->[androidx.test:runner:1.5.2] /opt/gradle/.gradle/caches/9.3.1/transforms/5c47928825c9d46fdb31aee72b350e37/transformed/runner-1.5.2/AndroidManifest.xml:27:9-83
25-->[androidx.test:runner:1.5.2] /opt/gradle/.gradle/caches/9.3.1/transforms/5c47928825c9d46fdb31aee72b350e37/transformed/runner-1.5.2/AndroidManifest.xml:27:18-80
26    </queries>
27
28    <application
28-->/app/applet/app/build/intermediates/tmp/manifest/test/debug/tempFile2ProcessTestManifest17440941072424717933.xml:12:5-45:19
29        android:name="com.example.CookrApplication"
29-->/app/applet/app/build/intermediates/tmp/manifest/test/debug/tempFile2ProcessTestManifest17440941072424717933.xml:13:9-52
30        android:allowBackup="true"
30-->/app/applet/app/build/intermediates/tmp/manifest/test/debug/tempFile2ProcessTestManifest17440941072424717933.xml:14:9-35
31        android:appComponentFactory="androidx.core.app.CoreComponentFactory"
31-->[androidx.core:core:1.18.0] /opt/gradle/.gradle/caches/9.3.1/transforms/ec18e3147d60a498248ed324f921e334/transformed/core-1.18.0/AndroidManifest.xml:28:18-86
32        android:dataExtractionRules="@xml/data_extraction_rules"
32-->/app/applet/app/build/intermediates/tmp/manifest/test/debug/tempFile2ProcessTestManifest17440941072424717933.xml:15:9-65
33        android:debuggable="true"
34        android:fullBackupContent="@xml/backup_rules"
34-->/app/applet/app/build/intermediates/tmp/manifest/test/debug/tempFile2ProcessTestManifest17440941072424717933.xml:16:9-54
35        android:icon="@mipmap/ic_launcher"
35-->/app/applet/app/build/intermediates/tmp/manifest/test/debug/tempFile2ProcessTestManifest17440941072424717933.xml:17:9-43
36        android:label="@string/app_name"
36-->/app/applet/app/build/intermediates/tmp/manifest/test/debug/tempFile2ProcessTestManifest17440941072424717933.xml:18:9-41
37        android:roundIcon="@mipmap/ic_launcher_round"
37-->/app/applet/app/build/intermediates/tmp/manifest/test/debug/tempFile2ProcessTestManifest17440941072424717933.xml:19:9-54
38        android:supportsRtl="true"
38-->/app/applet/app/build/intermediates/tmp/manifest/test/debug/tempFile2ProcessTestManifest17440941072424717933.xml:20:9-35
39        android:theme="@style/Theme.MyApplication" >
39-->/app/applet/app/build/intermediates/tmp/manifest/test/debug/tempFile2ProcessTestManifest17440941072424717933.xml:21:9-51
40        <activity
40-->/app/applet/app/build/intermediates/tmp/manifest/test/debug/tempFile2ProcessTestManifest17440941072424717933.xml:22:9-32:20
41            android:name="com.example.MainActivity"
41-->/app/applet/app/build/intermediates/tmp/manifest/test/debug/tempFile2ProcessTestManifest17440941072424717933.xml:23:13-52
42            android:exported="true"
42-->/app/applet/app/build/intermediates/tmp/manifest/test/debug/tempFile2ProcessTestManifest17440941072424717933.xml:24:13-36
43            android:label="@string/app_name"
43-->/app/applet/app/build/intermediates/tmp/manifest/test/debug/tempFile2ProcessTestManifest17440941072424717933.xml:25:13-45
44            android:theme="@style/Theme.MyApplication" >
44-->/app/applet/app/build/intermediates/tmp/manifest/test/debug/tempFile2ProcessTestManifest17440941072424717933.xml:26:13-55
45            <intent-filter>
45-->/app/applet/app/build/intermediates/tmp/manifest/test/debug/tempFile2ProcessTestManifest17440941072424717933.xml:27:13-31:29
46                <action android:name="android.intent.action.MAIN" />
46-->/app/applet/app/build/intermediates/tmp/manifest/test/debug/tempFile2ProcessTestManifest17440941072424717933.xml:28:17-69
46-->/app/applet/app/build/intermediates/tmp/manifest/test/debug/tempFile2ProcessTestManifest17440941072424717933.xml:28:25-66
47
48                <category android:name="android.intent.category.LAUNCHER" />
48-->/app/applet/app/build/intermediates/tmp/manifest/test/debug/tempFile2ProcessTestManifest17440941072424717933.xml:30:17-77
48-->/app/applet/app/build/intermediates/tmp/manifest/test/debug/tempFile2ProcessTestManifest17440941072424717933.xml:30:27-74
49            </intent-filter>
50        </activity>
51
52        <receiver
52-->/app/applet/app/build/intermediates/tmp/manifest/test/debug/tempFile2ProcessTestManifest17440941072424717933.xml:34:9-44:20
53            android:name="com.example.presentation.widget.CookrWidgetReceiver"
53-->/app/applet/app/build/intermediates/tmp/manifest/test/debug/tempFile2ProcessTestManifest17440941072424717933.xml:35:13-79
54            android:exported="true" >
54-->/app/applet/app/build/intermediates/tmp/manifest/test/debug/tempFile2ProcessTestManifest17440941072424717933.xml:36:13-36
55            <intent-filter>
55-->/app/applet/app/build/intermediates/tmp/manifest/test/debug/tempFile2ProcessTestManifest17440941072424717933.xml:37:13-39:29
56                <action android:name="android.appwidget.action.APPWIDGET_UPDATE" />
56-->/app/applet/app/build/intermediates/tmp/manifest/test/debug/tempFile2ProcessTestManifest17440941072424717933.xml:38:17-84
56-->/app/applet/app/build/intermediates/tmp/manifest/test/debug/tempFile2ProcessTestManifest17440941072424717933.xml:38:25-81
57            </intent-filter>
58
59            <meta-data
59-->/app/applet/app/build/intermediates/tmp/manifest/test/debug/tempFile2ProcessTestManifest17440941072424717933.xml:41:13-43:61
60                android:name="android.appwidget.provider"
60-->/app/applet/app/build/intermediates/tmp/manifest/test/debug/tempFile2ProcessTestManifest17440941072424717933.xml:42:17-58
61                android:resource="@xml/cookr_widget_info" />
61-->/app/applet/app/build/intermediates/tmp/manifest/test/debug/tempFile2ProcessTestManifest17440941072424717933.xml:43:17-58
62        </receiver>
63
64        <activity
64-->[androidx.glance:glance-appwidget:1.1.1] /opt/gradle/.gradle/caches/9.3.1/transforms/0b1174dcc04afc884d903e9fe778e406/transformed/glance-appwidget-1.1.1/AndroidManifest.xml:23:9-28:62
65            android:name="androidx.glance.appwidget.action.ActionTrampolineActivity"
65-->[androidx.glance:glance-appwidget:1.1.1] /opt/gradle/.gradle/caches/9.3.1/transforms/0b1174dcc04afc884d903e9fe778e406/transformed/glance-appwidget-1.1.1/AndroidManifest.xml:24:13-85
66            android:enabled="true"
66-->[androidx.glance:glance-appwidget:1.1.1] /opt/gradle/.gradle/caches/9.3.1/transforms/0b1174dcc04afc884d903e9fe778e406/transformed/glance-appwidget-1.1.1/AndroidManifest.xml:25:13-35
67            android:excludeFromRecents="true"
67-->[androidx.glance:glance-appwidget:1.1.1] /opt/gradle/.gradle/caches/9.3.1/transforms/0b1174dcc04afc884d903e9fe778e406/transformed/glance-appwidget-1.1.1/AndroidManifest.xml:26:13-46
68            android:exported="false"
68-->[androidx.glance:glance-appwidget:1.1.1] /opt/gradle/.gradle/caches/9.3.1/transforms/0b1174dcc04afc884d903e9fe778e406/transformed/glance-appwidget-1.1.1/AndroidManifest.xml:27:13-37
69            android:theme="@android:style/Theme.NoDisplay" />
69-->[androidx.glance:glance-appwidget:1.1.1] /opt/gradle/.gradle/caches/9.3.1/transforms/0b1174dcc04afc884d903e9fe778e406/transformed/glance-appwidget-1.1.1/AndroidManifest.xml:28:13-59
70        <activity
70-->[androidx.glance:glance-appwidget:1.1.1] /opt/gradle/.gradle/caches/9.3.1/transforms/0b1174dcc04afc884d903e9fe778e406/transformed/glance-appwidget-1.1.1/AndroidManifest.xml:29:9-36:81
71            android:name="androidx.glance.appwidget.action.InvisibleActionTrampolineActivity"
71-->[androidx.glance:glance-appwidget:1.1.1] /opt/gradle/.gradle/caches/9.3.1/transforms/0b1174dcc04afc884d903e9fe778e406/transformed/glance-appwidget-1.1.1/AndroidManifest.xml:30:13-94
72            android:enabled="true"
72-->[androidx.glance:glance-appwidget:1.1.1] /opt/gradle/.gradle/caches/9.3.1/transforms/0b1174dcc04afc884d903e9fe778e406/transformed/glance-appwidget-1.1.1/AndroidManifest.xml:31:13-35
73            android:exported="false"
73-->[androidx.glance:glance-appwidget:1.1.1] /opt/gradle/.gradle/caches/9.3.1/transforms/0b1174dcc04afc884d903e9fe778e406/transformed/glance-appwidget-1.1.1/AndroidManifest.xml:32:13-37
74            android:launchMode="singleInstance"
74-->[androidx.glance:glance-appwidget:1.1.1] /opt/gradle/.gradle/caches/9.3.1/transforms/0b1174dcc04afc884d903e9fe778e406/transformed/glance-appwidget-1.1.1/AndroidManifest.xml:33:13-48
75            android:noHistory="true"
75-->[androidx.glance:glance-appwidget:1.1.1] /opt/gradle/.gradle/caches/9.3.1/transforms/0b1174dcc04afc884d903e9fe778e406/transformed/glance-appwidget-1.1.1/AndroidManifest.xml:34:13-37
76            android:taskAffinity="androidx.glance.appwidget.ListAdapterCallbackTrampoline"
76-->[androidx.glance:glance-appwidget:1.1.1] /opt/gradle/.gradle/caches/9.3.1/transforms/0b1174dcc04afc884d903e9fe778e406/transformed/glance-appwidget-1.1.1/AndroidManifest.xml:35:13-91
77            android:theme="@style/Widget.Glance.AppWidget.CallbackTrampoline" />
77-->[androidx.glance:glance-appwidget:1.1.1] /opt/gradle/.gradle/caches/9.3.1/transforms/0b1174dcc04afc884d903e9fe778e406/transformed/glance-appwidget-1.1.1/AndroidManifest.xml:36:13-78
78
79        <receiver
79-->[androidx.glance:glance-appwidget:1.1.1] /opt/gradle/.gradle/caches/9.3.1/transforms/0b1174dcc04afc884d903e9fe778e406/transformed/glance-appwidget-1.1.1/AndroidManifest.xml:38:9-41:40
80            android:name="androidx.glance.appwidget.action.ActionCallbackBroadcastReceiver"
80-->[androidx.glance:glance-appwidget:1.1.1] /opt/gradle/.gradle/caches/9.3.1/transforms/0b1174dcc04afc884d903e9fe778e406/transformed/glance-appwidget-1.1.1/AndroidManifest.xml:39:13-92
81            android:enabled="true"
81-->[androidx.glance:glance-appwidget:1.1.1] /opt/gradle/.gradle/caches/9.3.1/transforms/0b1174dcc04afc884d903e9fe778e406/transformed/glance-appwidget-1.1.1/AndroidManifest.xml:40:13-35
82            android:exported="false" />
82-->[androidx.glance:glance-appwidget:1.1.1] /opt/gradle/.gradle/caches/9.3.1/transforms/0b1174dcc04afc884d903e9fe778e406/transformed/glance-appwidget-1.1.1/AndroidManifest.xml:41:13-37
83        <receiver
83-->[androidx.glance:glance-appwidget:1.1.1] /opt/gradle/.gradle/caches/9.3.1/transforms/0b1174dcc04afc884d903e9fe778e406/transformed/glance-appwidget-1.1.1/AndroidManifest.xml:42:9-45:40
84            android:name="androidx.glance.appwidget.UnmanagedSessionReceiver"
84-->[androidx.glance:glance-appwidget:1.1.1] /opt/gradle/.gradle/caches/9.3.1/transforms/0b1174dcc04afc884d903e9fe778e406/transformed/glance-appwidget-1.1.1/AndroidManifest.xml:43:13-78
85            android:enabled="true"
85-->[androidx.glance:glance-appwidget:1.1.1] /opt/gradle/.gradle/caches/9.3.1/transforms/0b1174dcc04afc884d903e9fe778e406/transformed/glance-appwidget-1.1.1/AndroidManifest.xml:44:13-35
86            android:exported="false" />
86-->[androidx.glance:glance-appwidget:1.1.1] /opt/gradle/.gradle/caches/9.3.1/transforms/0b1174dcc04afc884d903e9fe778e406/transformed/glance-appwidget-1.1.1/AndroidManifest.xml:45:13-37
87        <receiver
87-->[androidx.glance:glance-appwidget:1.1.1] /opt/gradle/.gradle/caches/9.3.1/transforms/0b1174dcc04afc884d903e9fe778e406/transformed/glance-appwidget-1.1.1/AndroidManifest.xml:46:9-53:20
88            android:name="androidx.glance.appwidget.MyPackageReplacedReceiver"
88-->[androidx.glance:glance-appwidget:1.1.1] /opt/gradle/.gradle/caches/9.3.1/transforms/0b1174dcc04afc884d903e9fe778e406/transformed/glance-appwidget-1.1.1/AndroidManifest.xml:47:13-79
89            android:enabled="true"
89-->[androidx.glance:glance-appwidget:1.1.1] /opt/gradle/.gradle/caches/9.3.1/transforms/0b1174dcc04afc884d903e9fe778e406/transformed/glance-appwidget-1.1.1/AndroidManifest.xml:48:13-35
90            android:exported="false" >
90-->[androidx.glance:glance-appwidget:1.1.1] /opt/gradle/.gradle/caches/9.3.1/transforms/0b1174dcc04afc884d903e9fe778e406/transformed/glance-appwidget-1.1.1/AndroidManifest.xml:49:13-37
91            <intent-filter>
91-->[androidx.glance:glance-appwidget:1.1.1] /opt/gradle/.gradle/caches/9.3.1/transforms/0b1174dcc04afc884d903e9fe778e406/transformed/glance-appwidget-1.1.1/AndroidManifest.xml:50:13-52:29
92                <action android:name="android.intent.action.MY_PACKAGE_REPLACED" />
92-->[androidx.glance:glance-appwidget:1.1.1] /opt/gradle/.gradle/caches/9.3.1/transforms/0b1174dcc04afc884d903e9fe778e406/transformed/glance-appwidget-1.1.1/AndroidManifest.xml:51:17-84
92-->[androidx.glance:glance-appwidget:1.1.1] /opt/gradle/.gradle/caches/9.3.1/transforms/0b1174dcc04afc884d903e9fe778e406/transformed/glance-appwidget-1.1.1/AndroidManifest.xml:51:25-81
93            </intent-filter>
94        </receiver>
95
96        <service
96-->[androidx.glance:glance-appwidget:1.1.1] /opt/gradle/.gradle/caches/9.3.1/transforms/0b1174dcc04afc884d903e9fe778e406/transformed/glance-appwidget-1.1.1/AndroidManifest.xml:55:9-58:72
97            android:name="androidx.glance.appwidget.GlanceRemoteViewsService"
97-->[androidx.glance:glance-appwidget:1.1.1] /opt/gradle/.gradle/caches/9.3.1/transforms/0b1174dcc04afc884d903e9fe778e406/transformed/glance-appwidget-1.1.1/AndroidManifest.xml:56:13-78
98            android:exported="true"
98-->[androidx.glance:glance-appwidget:1.1.1] /opt/gradle/.gradle/caches/9.3.1/transforms/0b1174dcc04afc884d903e9fe778e406/transformed/glance-appwidget-1.1.1/AndroidManifest.xml:57:13-36
99            android:permission="android.permission.BIND_REMOTEVIEWS" />
99-->[androidx.glance:glance-appwidget:1.1.1] /opt/gradle/.gradle/caches/9.3.1/transforms/0b1174dcc04afc884d903e9fe778e406/transformed/glance-appwidget-1.1.1/AndroidManifest.xml:58:13-69
100
101        <activity
101-->[androidx.compose.ui:ui-tooling-android:1.7.2] /opt/gradle/.gradle/caches/9.3.1/transforms/dc3ccda9b3970ec6ede2abd8966193af/transformed/ui-tooling-release/AndroidManifest.xml:23:9-25:39
102            android:name="androidx.compose.ui.tooling.PreviewActivity"
102-->[androidx.compose.ui:ui-tooling-android:1.7.2] /opt/gradle/.gradle/caches/9.3.1/transforms/dc3ccda9b3970ec6ede2abd8966193af/transformed/ui-tooling-release/AndroidManifest.xml:24:13-71
103            android:exported="true" />
103-->[androidx.compose.ui:ui-tooling-android:1.7.2] /opt/gradle/.gradle/caches/9.3.1/transforms/dc3ccda9b3970ec6ede2abd8966193af/transformed/ui-tooling-release/AndroidManifest.xml:25:13-36
104        <activity
104-->[androidx.compose.ui:ui-test-manifest:1.7.2] /opt/gradle/.gradle/caches/9.3.1/transforms/9819b5ede3066450d42af5121017237d/transformed/ui-test-manifest-1.7.2/AndroidManifest.xml:23:9-25:39
105            android:name="androidx.activity.ComponentActivity"
105-->[androidx.compose.ui:ui-test-manifest:1.7.2] /opt/gradle/.gradle/caches/9.3.1/transforms/9819b5ede3066450d42af5121017237d/transformed/ui-test-manifest-1.7.2/AndroidManifest.xml:24:13-63
106            android:exported="true" />
106-->[androidx.compose.ui:ui-test-manifest:1.7.2] /opt/gradle/.gradle/caches/9.3.1/transforms/9819b5ede3066450d42af5121017237d/transformed/ui-test-manifest-1.7.2/AndroidManifest.xml:25:13-36
107
108        <provider
108-->[androidx.work:work-runtime:2.9.1] /opt/gradle/.gradle/caches/9.3.1/transforms/aa49414efd70e635775ac5dc53abbd59/transformed/work-runtime-2.9.1/AndroidManifest.xml:29:9-37:20
109            android:name="androidx.startup.InitializationProvider"
109-->[androidx.work:work-runtime:2.9.1] /opt/gradle/.gradle/caches/9.3.1/transforms/aa49414efd70e635775ac5dc53abbd59/transformed/work-runtime-2.9.1/AndroidManifest.xml:30:13-67
110            android:authorities="com.aistudio.orbit.xyzzy.androidx-startup"
110-->[androidx.work:work-runtime:2.9.1] /opt/gradle/.gradle/caches/9.3.1/transforms/aa49414efd70e635775ac5dc53abbd59/transformed/work-runtime-2.9.1/AndroidManifest.xml:31:13-68
111            android:exported="false" >
111-->[androidx.work:work-runtime:2.9.1] /opt/gradle/.gradle/caches/9.3.1/transforms/aa49414efd70e635775ac5dc53abbd59/transformed/work-runtime-2.9.1/AndroidManifest.xml:32:13-37
112            <meta-data
112-->[androidx.work:work-runtime:2.9.1] /opt/gradle/.gradle/caches/9.3.1/transforms/aa49414efd70e635775ac5dc53abbd59/transformed/work-runtime-2.9.1/AndroidManifest.xml:34:13-36:52
113                android:name="androidx.work.WorkManagerInitializer"
113-->[androidx.work:work-runtime:2.9.1] /opt/gradle/.gradle/caches/9.3.1/transforms/aa49414efd70e635775ac5dc53abbd59/transformed/work-runtime-2.9.1/AndroidManifest.xml:35:17-68
114                android:value="androidx.startup" />
114-->[androidx.work:work-runtime:2.9.1] /opt/gradle/.gradle/caches/9.3.1/transforms/aa49414efd70e635775ac5dc53abbd59/transformed/work-runtime-2.9.1/AndroidManifest.xml:36:17-49
115            <meta-data
115-->[androidx.emoji2:emoji2:1.3.0] /opt/gradle/.gradle/caches/9.3.1/transforms/01373a581ce9c954a9cb6dffaace76fc/transformed/emoji2-1.3.0/AndroidManifest.xml:29:13-31:52
116                android:name="androidx.emoji2.text.EmojiCompatInitializer"
116-->[androidx.emoji2:emoji2:1.3.0] /opt/gradle/.gradle/caches/9.3.1/transforms/01373a581ce9c954a9cb6dffaace76fc/transformed/emoji2-1.3.0/AndroidManifest.xml:30:17-75
117                android:value="androidx.startup" />
117-->[androidx.emoji2:emoji2:1.3.0] /opt/gradle/.gradle/caches/9.3.1/transforms/01373a581ce9c954a9cb6dffaace76fc/transformed/emoji2-1.3.0/AndroidManifest.xml:31:17-49
118            <meta-data
118-->[androidx.lifecycle:lifecycle-process:2.8.7] /opt/gradle/.gradle/caches/9.3.1/transforms/f342e0fe65bdf9f3c6523cfe8ce97f7e/transformed/lifecycle-process-2.8.7/AndroidManifest.xml:29:13-31:52
119                android:name="androidx.lifecycle.ProcessLifecycleInitializer"
119-->[androidx.lifecycle:lifecycle-process:2.8.7] /opt/gradle/.gradle/caches/9.3.1/transforms/f342e0fe65bdf9f3c6523cfe8ce97f7e/transformed/lifecycle-process-2.8.7/AndroidManifest.xml:30:17-78
120                android:value="androidx.startup" />
120-->[androidx.lifecycle:lifecycle-process:2.8.7] /opt/gradle/.gradle/caches/9.3.1/transforms/f342e0fe65bdf9f3c6523cfe8ce97f7e/transformed/lifecycle-process-2.8.7/AndroidManifest.xml:31:17-49
121            <meta-data
121-->[androidx.profileinstaller:profileinstaller:1.4.0] /opt/gradle/.gradle/caches/9.3.1/transforms/98f7fb2182eaff4e0d484cc4cdc170e4/transformed/profileinstaller-1.4.0/AndroidManifest.xml:29:13-31:52
122                android:name="androidx.profileinstaller.ProfileInstallerInitializer"
122-->[androidx.profileinstaller:profileinstaller:1.4.0] /opt/gradle/.gradle/caches/9.3.1/transforms/98f7fb2182eaff4e0d484cc4cdc170e4/transformed/profileinstaller-1.4.0/AndroidManifest.xml:30:17-85
123                android:value="androidx.startup" />
123-->[androidx.profileinstaller:profileinstaller:1.4.0] /opt/gradle/.gradle/caches/9.3.1/transforms/98f7fb2182eaff4e0d484cc4cdc170e4/transformed/profileinstaller-1.4.0/AndroidManifest.xml:31:17-49
124        </provider>
125
126        <service
126-->[androidx.work:work-runtime:2.9.1] /opt/gradle/.gradle/caches/9.3.1/transforms/aa49414efd70e635775ac5dc53abbd59/transformed/work-runtime-2.9.1/AndroidManifest.xml:39:9-45:35
127            android:name="androidx.work.impl.background.systemalarm.SystemAlarmService"
127-->[androidx.work:work-runtime:2.9.1] /opt/gradle/.gradle/caches/9.3.1/transforms/aa49414efd70e635775ac5dc53abbd59/transformed/work-runtime-2.9.1/AndroidManifest.xml:40:13-88
128            android:directBootAware="false"
128-->[androidx.work:work-runtime:2.9.1] /opt/gradle/.gradle/caches/9.3.1/transforms/aa49414efd70e635775ac5dc53abbd59/transformed/work-runtime-2.9.1/AndroidManifest.xml:41:13-44
129            android:enabled="@bool/enable_system_alarm_service_default"
129-->[androidx.work:work-runtime:2.9.1] /opt/gradle/.gradle/caches/9.3.1/transforms/aa49414efd70e635775ac5dc53abbd59/transformed/work-runtime-2.9.1/AndroidManifest.xml:42:13-72
130            android:exported="false" />
130-->[androidx.work:work-runtime:2.9.1] /opt/gradle/.gradle/caches/9.3.1/transforms/aa49414efd70e635775ac5dc53abbd59/transformed/work-runtime-2.9.1/AndroidManifest.xml:43:13-37
131        <service
131-->[androidx.work:work-runtime:2.9.1] /opt/gradle/.gradle/caches/9.3.1/transforms/aa49414efd70e635775ac5dc53abbd59/transformed/work-runtime-2.9.1/AndroidManifest.xml:46:9-52:35
132            android:name="androidx.work.impl.background.systemjob.SystemJobService"
132-->[androidx.work:work-runtime:2.9.1] /opt/gradle/.gradle/caches/9.3.1/transforms/aa49414efd70e635775ac5dc53abbd59/transformed/work-runtime-2.9.1/AndroidManifest.xml:47:13-84
133            android:directBootAware="false"
133-->[androidx.work:work-runtime:2.9.1] /opt/gradle/.gradle/caches/9.3.1/transforms/aa49414efd70e635775ac5dc53abbd59/transformed/work-runtime-2.9.1/AndroidManifest.xml:48:13-44
134            android:enabled="@bool/enable_system_job_service_default"
134-->[androidx.work:work-runtime:2.9.1] /opt/gradle/.gradle/caches/9.3.1/transforms/aa49414efd70e635775ac5dc53abbd59/transformed/work-runtime-2.9.1/AndroidManifest.xml:49:13-70
135            android:exported="true"
135-->[androidx.work:work-runtime:2.9.1] /opt/gradle/.gradle/caches/9.3.1/transforms/aa49414efd70e635775ac5dc53abbd59/transformed/work-runtime-2.9.1/AndroidManifest.xml:50:13-36
136            android:permission="android.permission.BIND_JOB_SERVICE" />
136-->[androidx.work:work-runtime:2.9.1] /opt/gradle/.gradle/caches/9.3.1/transforms/aa49414efd70e635775ac5dc53abbd59/transformed/work-runtime-2.9.1/AndroidManifest.xml:51:13-69
137        <service
137-->[androidx.work:work-runtime:2.9.1] /opt/gradle/.gradle/caches/9.3.1/transforms/aa49414efd70e635775ac5dc53abbd59/transformed/work-runtime-2.9.1/AndroidManifest.xml:53:9-59:35
138            android:name="androidx.work.impl.foreground.SystemForegroundService"
138-->[androidx.work:work-runtime:2.9.1] /opt/gradle/.gradle/caches/9.3.1/transforms/aa49414efd70e635775ac5dc53abbd59/transformed/work-runtime-2.9.1/AndroidManifest.xml:54:13-81
139            android:directBootAware="false"
139-->[androidx.work:work-runtime:2.9.1] /opt/gradle/.gradle/caches/9.3.1/transforms/aa49414efd70e635775ac5dc53abbd59/transformed/work-runtime-2.9.1/AndroidManifest.xml:55:13-44
140            android:enabled="@bool/enable_system_foreground_service_default"
140-->[androidx.work:work-runtime:2.9.1] /opt/gradle/.gradle/caches/9.3.1/transforms/aa49414efd70e635775ac5dc53abbd59/transformed/work-runtime-2.9.1/AndroidManifest.xml:56:13-77
141            android:exported="false" />
141-->[androidx.work:work-runtime:2.9.1] /opt/gradle/.gradle/caches/9.3.1/transforms/aa49414efd70e635775ac5dc53abbd59/transformed/work-runtime-2.9.1/AndroidManifest.xml:57:13-37
142
143        <receiver
143-->[androidx.work:work-runtime:2.9.1] /opt/gradle/.gradle/caches/9.3.1/transforms/aa49414efd70e635775ac5dc53abbd59/transformed/work-runtime-2.9.1/AndroidManifest.xml:61:9-66:35
144            android:name="androidx.work.impl.utils.ForceStopRunnable$BroadcastReceiver"
144-->[androidx.work:work-runtime:2.9.1] /opt/gradle/.gradle/caches/9.3.1/transforms/aa49414efd70e635775ac5dc53abbd59/transformed/work-runtime-2.9.1/AndroidManifest.xml:62:13-88
145            android:directBootAware="false"
145-->[androidx.work:work-runtime:2.9.1] /opt/gradle/.gradle/caches/9.3.1/transforms/aa49414efd70e635775ac5dc53abbd59/transformed/work-runtime-2.9.1/AndroidManifest.xml:63:13-44
146            android:enabled="true"
146-->[androidx.work:work-runtime:2.9.1] /opt/gradle/.gradle/caches/9.3.1/transforms/aa49414efd70e635775ac5dc53abbd59/transformed/work-runtime-2.9.1/AndroidManifest.xml:64:13-35
147            android:exported="false" />
147-->[androidx.work:work-runtime:2.9.1] /opt/gradle/.gradle/caches/9.3.1/transforms/aa49414efd70e635775ac5dc53abbd59/transformed/work-runtime-2.9.1/AndroidManifest.xml:65:13-37
148        <receiver
148-->[androidx.work:work-runtime:2.9.1] /opt/gradle/.gradle/caches/9.3.1/transforms/aa49414efd70e635775ac5dc53abbd59/transformed/work-runtime-2.9.1/AndroidManifest.xml:67:9-77:20
149            android:name="androidx.work.impl.background.systemalarm.ConstraintProxy$BatteryChargingProxy"
149-->[androidx.work:work-runtime:2.9.1] /opt/gradle/.gradle/caches/9.3.1/transforms/aa49414efd70e635775ac5dc53abbd59/transformed/work-runtime-2.9.1/AndroidManifest.xml:68:13-106
150            android:directBootAware="false"
150-->[androidx.work:work-runtime:2.9.1] /opt/gradle/.gradle/caches/9.3.1/transforms/aa49414efd70e635775ac5dc53abbd59/transformed/work-runtime-2.9.1/AndroidManifest.xml:69:13-44
151            android:enabled="false"
151-->[androidx.work:work-runtime:2.9.1] /opt/gradle/.gradle/caches/9.3.1/transforms/aa49414efd70e635775ac5dc53abbd59/transformed/work-runtime-2.9.1/AndroidManifest.xml:70:13-36
152            android:exported="false" >
152-->[androidx.work:work-runtime:2.9.1] /opt/gradle/.gradle/caches/9.3.1/transforms/aa49414efd70e635775ac5dc53abbd59/transformed/work-runtime-2.9.1/AndroidManifest.xml:71:13-37
153            <intent-filter>
153-->[androidx.work:work-runtime:2.9.1] /opt/gradle/.gradle/caches/9.3.1/transforms/aa49414efd70e635775ac5dc53abbd59/transformed/work-runtime-2.9.1/AndroidManifest.xml:73:13-76:29
154                <action android:name="android.intent.action.ACTION_POWER_CONNECTED" />
154-->[androidx.work:work-runtime:2.9.1] /opt/gradle/.gradle/caches/9.3.1/transforms/aa49414efd70e635775ac5dc53abbd59/transformed/work-runtime-2.9.1/AndroidManifest.xml:74:17-87
154-->[androidx.work:work-runtime:2.9.1] /opt/gradle/.gradle/caches/9.3.1/transforms/aa49414efd70e635775ac5dc53abbd59/transformed/work-runtime-2.9.1/AndroidManifest.xml:74:25-84
155                <action android:name="android.intent.action.ACTION_POWER_DISCONNECTED" />
155-->[androidx.work:work-runtime:2.9.1] /opt/gradle/.gradle/caches/9.3.1/transforms/aa49414efd70e635775ac5dc53abbd59/transformed/work-runtime-2.9.1/AndroidManifest.xml:75:17-90
155-->[androidx.work:work-runtime:2.9.1] /opt/gradle/.gradle/caches/9.3.1/transforms/aa49414efd70e635775ac5dc53abbd59/transformed/work-runtime-2.9.1/AndroidManifest.xml:75:25-87
156            </intent-filter>
157        </receiver>
158        <receiver
158-->[androidx.work:work-runtime:2.9.1] /opt/gradle/.gradle/caches/9.3.1/transforms/aa49414efd70e635775ac5dc53abbd59/transformed/work-runtime-2.9.1/AndroidManifest.xml:78:9-88:20
159            android:name="androidx.work.impl.background.systemalarm.ConstraintProxy$BatteryNotLowProxy"
159-->[androidx.work:work-runtime:2.9.1] /opt/gradle/.gradle/caches/9.3.1/transforms/aa49414efd70e635775ac5dc53abbd59/transformed/work-runtime-2.9.1/AndroidManifest.xml:79:13-104
160            android:directBootAware="false"
160-->[androidx.work:work-runtime:2.9.1] /opt/gradle/.gradle/caches/9.3.1/transforms/aa49414efd70e635775ac5dc53abbd59/transformed/work-runtime-2.9.1/AndroidManifest.xml:80:13-44
161            android:enabled="false"
161-->[androidx.work:work-runtime:2.9.1] /opt/gradle/.gradle/caches/9.3.1/transforms/aa49414efd70e635775ac5dc53abbd59/transformed/work-runtime-2.9.1/AndroidManifest.xml:81:13-36
162            android:exported="false" >
162-->[androidx.work:work-runtime:2.9.1] /opt/gradle/.gradle/caches/9.3.1/transforms/aa49414efd70e635775ac5dc53abbd59/transformed/work-runtime-2.9.1/AndroidManifest.xml:82:13-37
163            <intent-filter>
163-->[androidx.work:work-runtime:2.9.1] /opt/gradle/.gradle/caches/9.3.1/transforms/aa49414efd70e635775ac5dc53abbd59/transformed/work-runtime-2.9.1/AndroidManifest.xml:84:13-87:29
164                <action android:name="android.intent.action.BATTERY_OKAY" />
164-->[androidx.work:work-runtime:2.9.1] /opt/gradle/.gradle/caches/9.3.1/transforms/aa49414efd70e635775ac5dc53abbd59/transformed/work-runtime-2.9.1/AndroidManifest.xml:85:17-77
164-->[androidx.work:work-runtime:2.9.1] /opt/gradle/.gradle/caches/9.3.1/transforms/aa49414efd70e635775ac5dc53abbd59/transformed/work-runtime-2.9.1/AndroidManifest.xml:85:25-74
165                <action android:name="android.intent.action.BATTERY_LOW" />
165-->[androidx.work:work-runtime:2.9.1] /opt/gradle/.gradle/caches/9.3.1/transforms/aa49414efd70e635775ac5dc53abbd59/transformed/work-runtime-2.9.1/AndroidManifest.xml:86:17-76
165-->[androidx.work:work-runtime:2.9.1] /opt/gradle/.gradle/caches/9.3.1/transforms/aa49414efd70e635775ac5dc53abbd59/transformed/work-runtime-2.9.1/AndroidManifest.xml:86:25-73
166            </intent-filter>
167        </receiver>
168        <receiver
168-->[androidx.work:work-runtime:2.9.1] /opt/gradle/.gradle/caches/9.3.1/transforms/aa49414efd70e635775ac5dc53abbd59/transformed/work-runtime-2.9.1/AndroidManifest.xml:89:9-99:20
169            android:name="androidx.work.impl.background.systemalarm.ConstraintProxy$StorageNotLowProxy"
169-->[androidx.work:work-runtime:2.9.1] /opt/gradle/.gradle/caches/9.3.1/transforms/aa49414efd70e635775ac5dc53abbd59/transformed/work-runtime-2.9.1/AndroidManifest.xml:90:13-104
170            android:directBootAware="false"
170-->[androidx.work:work-runtime:2.9.1] /opt/gradle/.gradle/caches/9.3.1/transforms/aa49414efd70e635775ac5dc53abbd59/transformed/work-runtime-2.9.1/AndroidManifest.xml:91:13-44
171            android:enabled="false"
171-->[androidx.work:work-runtime:2.9.1] /opt/gradle/.gradle/caches/9.3.1/transforms/aa49414efd70e635775ac5dc53abbd59/transformed/work-runtime-2.9.1/AndroidManifest.xml:92:13-36
172            android:exported="false" >
172-->[androidx.work:work-runtime:2.9.1] /opt/gradle/.gradle/caches/9.3.1/transforms/aa49414efd70e635775ac5dc53abbd59/transformed/work-runtime-2.9.1/AndroidManifest.xml:93:13-37
173            <intent-filter>
173-->[androidx.work:work-runtime:2.9.1] /opt/gradle/.gradle/caches/9.3.1/transforms/aa49414efd70e635775ac5dc53abbd59/transformed/work-runtime-2.9.1/AndroidManifest.xml:95:13-98:29
174                <action android:name="android.intent.action.DEVICE_STORAGE_LOW" />
174-->[androidx.work:work-runtime:2.9.1] /opt/gradle/.gradle/caches/9.3.1/transforms/aa49414efd70e635775ac5dc53abbd59/transformed/work-runtime-2.9.1/AndroidManifest.xml:96:17-83
174-->[androidx.work:work-runtime:2.9.1] /opt/gradle/.gradle/caches/9.3.1/transforms/aa49414efd70e635775ac5dc53abbd59/transformed/work-runtime-2.9.1/AndroidManifest.xml:96:25-80
175                <action android:name="android.intent.action.DEVICE_STORAGE_OK" />
175-->[androidx.work:work-runtime:2.9.1] /opt/gradle/.gradle/caches/9.3.1/transforms/aa49414efd70e635775ac5dc53abbd59/transformed/work-runtime-2.9.1/AndroidManifest.xml:97:17-82
175-->[androidx.work:work-runtime:2.9.1] /opt/gradle/.gradle/caches/9.3.1/transforms/aa49414efd70e635775ac5dc53abbd59/transformed/work-runtime-2.9.1/AndroidManifest.xml:97:25-79
176            </intent-filter>
177        </receiver>
178        <receiver
178-->[androidx.work:work-runtime:2.9.1] /opt/gradle/.gradle/caches/9.3.1/transforms/aa49414efd70e635775ac5dc53abbd59/transformed/work-runtime-2.9.1/AndroidManifest.xml:100:9-109:20
179            android:name="androidx.work.impl.background.systemalarm.ConstraintProxy$NetworkStateProxy"
179-->[androidx.work:work-runtime:2.9.1] /opt/gradle/.gradle/caches/9.3.1/transforms/aa49414efd70e635775ac5dc53abbd59/transformed/work-runtime-2.9.1/AndroidManifest.xml:101:13-103
180            android:directBootAware="false"
180-->[androidx.work:work-runtime:2.9.1] /opt/gradle/.gradle/caches/9.3.1/transforms/aa49414efd70e635775ac5dc53abbd59/transformed/work-runtime-2.9.1/AndroidManifest.xml:102:13-44
181            android:enabled="false"
181-->[androidx.work:work-runtime:2.9.1] /opt/gradle/.gradle/caches/9.3.1/transforms/aa49414efd70e635775ac5dc53abbd59/transformed/work-runtime-2.9.1/AndroidManifest.xml:103:13-36
182            android:exported="false" >
182-->[androidx.work:work-runtime:2.9.1] /opt/gradle/.gradle/caches/9.3.1/transforms/aa49414efd70e635775ac5dc53abbd59/transformed/work-runtime-2.9.1/AndroidManifest.xml:104:13-37
183            <intent-filter>
183-->[androidx.work:work-runtime:2.9.1] /opt/gradle/.gradle/caches/9.3.1/transforms/aa49414efd70e635775ac5dc53abbd59/transformed/work-runtime-2.9.1/AndroidManifest.xml:106:13-108:29
184                <action android:name="android.net.conn.CONNECTIVITY_CHANGE" />
184-->[androidx.work:work-runtime:2.9.1] /opt/gradle/.gradle/caches/9.3.1/transforms/aa49414efd70e635775ac5dc53abbd59/transformed/work-runtime-2.9.1/AndroidManifest.xml:107:17-79
184-->[androidx.work:work-runtime:2.9.1] /opt/gradle/.gradle/caches/9.3.1/transforms/aa49414efd70e635775ac5dc53abbd59/transformed/work-runtime-2.9.1/AndroidManifest.xml:107:25-76
185            </intent-filter>
186        </receiver>
187        <receiver
187-->[androidx.work:work-runtime:2.9.1] /opt/gradle/.gradle/caches/9.3.1/transforms/aa49414efd70e635775ac5dc53abbd59/transformed/work-runtime-2.9.1/AndroidManifest.xml:110:9-121:20
188            android:name="androidx.work.impl.background.systemalarm.RescheduleReceiver"
188-->[androidx.work:work-runtime:2.9.1] /opt/gradle/.gradle/caches/9.3.1/transforms/aa49414efd70e635775ac5dc53abbd59/transformed/work-runtime-2.9.1/AndroidManifest.xml:111:13-88
189            android:directBootAware="false"
189-->[androidx.work:work-runtime:2.9.1] /opt/gradle/.gradle/caches/9.3.1/transforms/aa49414efd70e635775ac5dc53abbd59/transformed/work-runtime-2.9.1/AndroidManifest.xml:112:13-44
190            android:enabled="false"
190-->[androidx.work:work-runtime:2.9.1] /opt/gradle/.gradle/caches/9.3.1/transforms/aa49414efd70e635775ac5dc53abbd59/transformed/work-runtime-2.9.1/AndroidManifest.xml:113:13-36
191            android:exported="false" >
191-->[androidx.work:work-runtime:2.9.1] /opt/gradle/.gradle/caches/9.3.1/transforms/aa49414efd70e635775ac5dc53abbd59/transformed/work-runtime-2.9.1/AndroidManifest.xml:114:13-37
192            <intent-filter>
192-->[androidx.work:work-runtime:2.9.1] /opt/gradle/.gradle/caches/9.3.1/transforms/aa49414efd70e635775ac5dc53abbd59/transformed/work-runtime-2.9.1/AndroidManifest.xml:116:13-120:29
193                <action android:name="android.intent.action.BOOT_COMPLETED" />
193-->[androidx.work:work-runtime:2.9.1] /opt/gradle/.gradle/caches/9.3.1/transforms/aa49414efd70e635775ac5dc53abbd59/transformed/work-runtime-2.9.1/AndroidManifest.xml:117:17-79
193-->[androidx.work:work-runtime:2.9.1] /opt/gradle/.gradle/caches/9.3.1/transforms/aa49414efd70e635775ac5dc53abbd59/transformed/work-runtime-2.9.1/AndroidManifest.xml:117:25-76
194                <action android:name="android.intent.action.TIME_SET" />
194-->[androidx.work:work-runtime:2.9.1] /opt/gradle/.gradle/caches/9.3.1/transforms/aa49414efd70e635775ac5dc53abbd59/transformed/work-runtime-2.9.1/AndroidManifest.xml:118:17-73
194-->[androidx.work:work-runtime:2.9.1] /opt/gradle/.gradle/caches/9.3.1/transforms/aa49414efd70e635775ac5dc53abbd59/transformed/work-runtime-2.9.1/AndroidManifest.xml:118:25-70
195                <action android:name="android.intent.action.TIMEZONE_CHANGED" />
195-->[androidx.work:work-runtime:2.9.1] /opt/gradle/.gradle/caches/9.3.1/transforms/aa49414efd70e635775ac5dc53abbd59/transformed/work-runtime-2.9.1/AndroidManifest.xml:119:17-81
195-->[androidx.work:work-runtime:2.9.1] /opt/gradle/.gradle/caches/9.3.1/transforms/aa49414efd70e635775ac5dc53abbd59/transformed/work-runtime-2.9.1/AndroidManifest.xml:119:25-78
196            </intent-filter>
197        </receiver>
198        <receiver
198-->[androidx.work:work-runtime:2.9.1] /opt/gradle/.gradle/caches/9.3.1/transforms/aa49414efd70e635775ac5dc53abbd59/transformed/work-runtime-2.9.1/AndroidManifest.xml:122:9-131:20
199            android:name="androidx.work.impl.background.systemalarm.ConstraintProxyUpdateReceiver"
199-->[androidx.work:work-runtime:2.9.1] /opt/gradle/.gradle/caches/9.3.1/transforms/aa49414efd70e635775ac5dc53abbd59/transformed/work-runtime-2.9.1/AndroidManifest.xml:123:13-99
200            android:directBootAware="false"
200-->[androidx.work:work-runtime:2.9.1] /opt/gradle/.gradle/caches/9.3.1/transforms/aa49414efd70e635775ac5dc53abbd59/transformed/work-runtime-2.9.1/AndroidManifest.xml:124:13-44
201            android:enabled="@bool/enable_system_alarm_service_default"
201-->[androidx.work:work-runtime:2.9.1] /opt/gradle/.gradle/caches/9.3.1/transforms/aa49414efd70e635775ac5dc53abbd59/transformed/work-runtime-2.9.1/AndroidManifest.xml:125:13-72
202            android:exported="false" >
202-->[androidx.work:work-runtime:2.9.1] /opt/gradle/.gradle/caches/9.3.1/transforms/aa49414efd70e635775ac5dc53abbd59/transformed/work-runtime-2.9.1/AndroidManifest.xml:126:13-37
203            <intent-filter>
203-->[androidx.work:work-runtime:2.9.1] /opt/gradle/.gradle/caches/9.3.1/transforms/aa49414efd70e635775ac5dc53abbd59/transformed/work-runtime-2.9.1/AndroidManifest.xml:128:13-130:29
204                <action android:name="androidx.work.impl.background.systemalarm.UpdateProxies" />
204-->[androidx.work:work-runtime:2.9.1] /opt/gradle/.gradle/caches/9.3.1/transforms/aa49414efd70e635775ac5dc53abbd59/transformed/work-runtime-2.9.1/AndroidManifest.xml:129:17-98
204-->[androidx.work:work-runtime:2.9.1] /opt/gradle/.gradle/caches/9.3.1/transforms/aa49414efd70e635775ac5dc53abbd59/transformed/work-runtime-2.9.1/AndroidManifest.xml:129:25-95
205            </intent-filter>
206        </receiver>
207        <receiver
207-->[androidx.work:work-runtime:2.9.1] /opt/gradle/.gradle/caches/9.3.1/transforms/aa49414efd70e635775ac5dc53abbd59/transformed/work-runtime-2.9.1/AndroidManifest.xml:132:9-142:20
208            android:name="androidx.work.impl.diagnostics.DiagnosticsReceiver"
208-->[androidx.work:work-runtime:2.9.1] /opt/gradle/.gradle/caches/9.3.1/transforms/aa49414efd70e635775ac5dc53abbd59/transformed/work-runtime-2.9.1/AndroidManifest.xml:133:13-78
209            android:directBootAware="false"
209-->[androidx.work:work-runtime:2.9.1] /opt/gradle/.gradle/caches/9.3.1/transforms/aa49414efd70e635775ac5dc53abbd59/transformed/work-runtime-2.9.1/AndroidManifest.xml:134:13-44
210            android:enabled="true"
210-->[androidx.work:work-runtime:2.9.1] /opt/gradle/.gradle/caches/9.3.1/transforms/aa49414efd70e635775ac5dc53abbd59/transformed/work-runtime-2.9.1/AndroidManifest.xml:135:13-35
211            android:exported="true"
211-->[androidx.work:work-runtime:2.9.1] /opt/gradle/.gradle/caches/9.3.1/transforms/aa49414efd70e635775ac5dc53abbd59/transformed/work-runtime-2.9.1/AndroidManifest.xml:136:13-36
212            android:permission="android.permission.DUMP" >
212-->[androidx.work:work-runtime:2.9.1] /opt/gradle/.gradle/caches/9.3.1/transforms/aa49414efd70e635775ac5dc53abbd59/transformed/work-runtime-2.9.1/AndroidManifest.xml:137:13-57
213            <intent-filter>
213-->[androidx.work:work-runtime:2.9.1] /opt/gradle/.gradle/caches/9.3.1/transforms/aa49414efd70e635775ac5dc53abbd59/transformed/work-runtime-2.9.1/AndroidManifest.xml:139:13-141:29
214                <action android:name="androidx.work.diagnostics.REQUEST_DIAGNOSTICS" />
214-->[androidx.work:work-runtime:2.9.1] /opt/gradle/.gradle/caches/9.3.1/transforms/aa49414efd70e635775ac5dc53abbd59/transformed/work-runtime-2.9.1/AndroidManifest.xml:140:17-88
214-->[androidx.work:work-runtime:2.9.1] /opt/gradle/.gradle/caches/9.3.1/transforms/aa49414efd70e635775ac5dc53abbd59/transformed/work-runtime-2.9.1/AndroidManifest.xml:140:25-85
215            </intent-filter>
216        </receiver>
217
218        <activity
218-->[io.github.takahirom.roborazzi:roborazzi:1.59.0] /opt/gradle/.gradle/caches/9.3.1/transforms/1bf2e167bce0631b0ba7b07ff4721038/transformed/roborazzi-1.59.0/AndroidManifest.xml:8:9-10:64
219            android:name="com.github.takahirom.roborazzi.RoborazziTransparentActivity"
219-->[io.github.takahirom.roborazzi:roborazzi:1.59.0] /opt/gradle/.gradle/caches/9.3.1/transforms/1bf2e167bce0631b0ba7b07ff4721038/transformed/roborazzi-1.59.0/AndroidManifest.xml:9:13-87
220            android:theme="@style/RoborazziTransparentTheme" />
220-->[io.github.takahirom.roborazzi:roborazzi:1.59.0] /opt/gradle/.gradle/caches/9.3.1/transforms/1bf2e167bce0631b0ba7b07ff4721038/transformed/roborazzi-1.59.0/AndroidManifest.xml:10:13-61
221        <activity android:name="com.github.takahirom.roborazzi.RoborazziActivity" />
221-->[io.github.takahirom.roborazzi:roborazzi:1.59.0] /opt/gradle/.gradle/caches/9.3.1/transforms/1bf2e167bce0631b0ba7b07ff4721038/transformed/roborazzi-1.59.0/AndroidManifest.xml:11:9-85
221-->[io.github.takahirom.roborazzi:roborazzi:1.59.0] /opt/gradle/.gradle/caches/9.3.1/transforms/1bf2e167bce0631b0ba7b07ff4721038/transformed/roborazzi-1.59.0/AndroidManifest.xml:11:19-82
222
223        <service
223-->[androidx.core:core-remoteviews:1.1.0] /opt/gradle/.gradle/caches/9.3.1/transforms/4c142221d39330d5a6bbbf9952f3721a/transformed/core-remoteviews-1.1.0/AndroidManifest.xml:24:9-27:63
224            android:name="androidx.core.widget.RemoteViewsCompatService"
224-->[androidx.core:core-remoteviews:1.1.0] /opt/gradle/.gradle/caches/9.3.1/transforms/4c142221d39330d5a6bbbf9952f3721a/transformed/core-remoteviews-1.1.0/AndroidManifest.xml:25:13-73
225            android:permission="android.permission.BIND_REMOTEVIEWS" />
225-->[androidx.core:core-remoteviews:1.1.0] /opt/gradle/.gradle/caches/9.3.1/transforms/4c142221d39330d5a6bbbf9952f3721a/transformed/core-remoteviews-1.1.0/AndroidManifest.xml:26:13-69
226
227        <activity
227-->[androidx.test:core:1.7.0] /opt/gradle/.gradle/caches/9.3.1/transforms/e77253a335ceaae9e37aba9f7207a6a7/transformed/core-1.7.0/AndroidManifest.xml:27:9-34:20
228            android:name="androidx.test.core.app.InstrumentationActivityInvoker$BootstrapActivity"
228-->[androidx.test:core:1.7.0] /opt/gradle/.gradle/caches/9.3.1/transforms/e77253a335ceaae9e37aba9f7207a6a7/transformed/core-1.7.0/AndroidManifest.xml:28:13-99
229            android:exported="true"
229-->[androidx.test:core:1.7.0] /opt/gradle/.gradle/caches/9.3.1/transforms/e77253a335ceaae9e37aba9f7207a6a7/transformed/core-1.7.0/AndroidManifest.xml:29:13-36
230            android:theme="@style/WhiteBackgroundTheme" >
230-->[androidx.test:core:1.7.0] /opt/gradle/.gradle/caches/9.3.1/transforms/e77253a335ceaae9e37aba9f7207a6a7/transformed/core-1.7.0/AndroidManifest.xml:30:13-56
231            <intent-filter android:priority="-100" >
231-->[androidx.test:core:1.7.0] /opt/gradle/.gradle/caches/9.3.1/transforms/e77253a335ceaae9e37aba9f7207a6a7/transformed/core-1.7.0/AndroidManifest.xml:31:13-33:29
231-->[androidx.test:core:1.7.0] /opt/gradle/.gradle/caches/9.3.1/transforms/e77253a335ceaae9e37aba9f7207a6a7/transformed/core-1.7.0/AndroidManifest.xml:31:28-51
232                <category android:name="android.intent.category.LAUNCHER" />
232-->/app/applet/app/build/intermediates/tmp/manifest/test/debug/tempFile2ProcessTestManifest17440941072424717933.xml:30:17-77
232-->/app/applet/app/build/intermediates/tmp/manifest/test/debug/tempFile2ProcessTestManifest17440941072424717933.xml:30:27-74
233            </intent-filter>
234        </activity>
235        <activity
235-->[androidx.test:core:1.7.0] /opt/gradle/.gradle/caches/9.3.1/transforms/e77253a335ceaae9e37aba9f7207a6a7/transformed/core-1.7.0/AndroidManifest.xml:35:9-42:20
236            android:name="androidx.test.core.app.InstrumentationActivityInvoker$EmptyActivity"
236-->[androidx.test:core:1.7.0] /opt/gradle/.gradle/caches/9.3.1/transforms/e77253a335ceaae9e37aba9f7207a6a7/transformed/core-1.7.0/AndroidManifest.xml:36:13-95
237            android:exported="true"
237-->[androidx.test:core:1.7.0] /opt/gradle/.gradle/caches/9.3.1/transforms/e77253a335ceaae9e37aba9f7207a6a7/transformed/core-1.7.0/AndroidManifest.xml:37:13-36
238            android:theme="@style/WhiteBackgroundTheme" >
238-->[androidx.test:core:1.7.0] /opt/gradle/.gradle/caches/9.3.1/transforms/e77253a335ceaae9e37aba9f7207a6a7/transformed/core-1.7.0/AndroidManifest.xml:38:13-56
239            <intent-filter android:priority="-100" >
239-->[androidx.test:core:1.7.0] /opt/gradle/.gradle/caches/9.3.1/transforms/e77253a335ceaae9e37aba9f7207a6a7/transformed/core-1.7.0/AndroidManifest.xml:31:13-33:29
239-->[androidx.test:core:1.7.0] /opt/gradle/.gradle/caches/9.3.1/transforms/e77253a335ceaae9e37aba9f7207a6a7/transformed/core-1.7.0/AndroidManifest.xml:31:28-51
240                <category android:name="android.intent.category.LAUNCHER" />
240-->/app/applet/app/build/intermediates/tmp/manifest/test/debug/tempFile2ProcessTestManifest17440941072424717933.xml:30:17-77
240-->/app/applet/app/build/intermediates/tmp/manifest/test/debug/tempFile2ProcessTestManifest17440941072424717933.xml:30:27-74
241            </intent-filter>
242        </activity>
243        <activity
243-->[androidx.test:core:1.7.0] /opt/gradle/.gradle/caches/9.3.1/transforms/e77253a335ceaae9e37aba9f7207a6a7/transformed/core-1.7.0/AndroidManifest.xml:43:9-50:20
244            android:name="androidx.test.core.app.InstrumentationActivityInvoker$EmptyFloatingActivity"
244-->[androidx.test:core:1.7.0] /opt/gradle/.gradle/caches/9.3.1/transforms/e77253a335ceaae9e37aba9f7207a6a7/transformed/core-1.7.0/AndroidManifest.xml:44:13-103
245            android:exported="true"
245-->[androidx.test:core:1.7.0] /opt/gradle/.gradle/caches/9.3.1/transforms/e77253a335ceaae9e37aba9f7207a6a7/transformed/core-1.7.0/AndroidManifest.xml:45:13-36
246            android:theme="@style/WhiteBackgroundDialogTheme" >
246-->[androidx.test:core:1.7.0] /opt/gradle/.gradle/caches/9.3.1/transforms/e77253a335ceaae9e37aba9f7207a6a7/transformed/core-1.7.0/AndroidManifest.xml:46:13-62
247            <intent-filter android:priority="-100" >
247-->[androidx.test:core:1.7.0] /opt/gradle/.gradle/caches/9.3.1/transforms/e77253a335ceaae9e37aba9f7207a6a7/transformed/core-1.7.0/AndroidManifest.xml:31:13-33:29
247-->[androidx.test:core:1.7.0] /opt/gradle/.gradle/caches/9.3.1/transforms/e77253a335ceaae9e37aba9f7207a6a7/transformed/core-1.7.0/AndroidManifest.xml:31:28-51
248                <category android:name="android.intent.category.LAUNCHER" />
248-->/app/applet/app/build/intermediates/tmp/manifest/test/debug/tempFile2ProcessTestManifest17440941072424717933.xml:30:17-77
248-->/app/applet/app/build/intermediates/tmp/manifest/test/debug/tempFile2ProcessTestManifest17440941072424717933.xml:30:27-74
249            </intent-filter>
250        </activity>
251
252        <service
252-->[androidx.room:room-runtime-android:2.7.0] /opt/gradle/.gradle/caches/9.3.1/transforms/9dbb1f61e461a431c92a0cb58b45d25b/transformed/room-runtime-release/AndroidManifest.xml:24:9-28:63
253            android:name="androidx.room.MultiInstanceInvalidationService"
253-->[androidx.room:room-runtime-android:2.7.0] /opt/gradle/.gradle/caches/9.3.1/transforms/9dbb1f61e461a431c92a0cb58b45d25b/transformed/room-runtime-release/AndroidManifest.xml:25:13-74
254            android:directBootAware="true"
254-->[androidx.room:room-runtime-android:2.7.0] /opt/gradle/.gradle/caches/9.3.1/transforms/9dbb1f61e461a431c92a0cb58b45d25b/transformed/room-runtime-release/AndroidManifest.xml:26:13-43
255            android:exported="false" />
255-->[androidx.room:room-runtime-android:2.7.0] /opt/gradle/.gradle/caches/9.3.1/transforms/9dbb1f61e461a431c92a0cb58b45d25b/transformed/room-runtime-release/AndroidManifest.xml:27:13-37
256
257        <receiver
257-->[androidx.profileinstaller:profileinstaller:1.4.0] /opt/gradle/.gradle/caches/9.3.1/transforms/98f7fb2182eaff4e0d484cc4cdc170e4/transformed/profileinstaller-1.4.0/AndroidManifest.xml:34:9-52:20
258            android:name="androidx.profileinstaller.ProfileInstallReceiver"
258-->[androidx.profileinstaller:profileinstaller:1.4.0] /opt/gradle/.gradle/caches/9.3.1/transforms/98f7fb2182eaff4e0d484cc4cdc170e4/transformed/profileinstaller-1.4.0/AndroidManifest.xml:35:13-76
259            android:directBootAware="false"
259-->[androidx.profileinstaller:profileinstaller:1.4.0] /opt/gradle/.gradle/caches/9.3.1/transforms/98f7fb2182eaff4e0d484cc4cdc170e4/transformed/profileinstaller-1.4.0/AndroidManifest.xml:36:13-44
260            android:enabled="true"
260-->[androidx.profileinstaller:profileinstaller:1.4.0] /opt/gradle/.gradle/caches/9.3.1/transforms/98f7fb2182eaff4e0d484cc4cdc170e4/transformed/profileinstaller-1.4.0/AndroidManifest.xml:37:13-35
261            android:exported="true"
261-->[androidx.profileinstaller:profileinstaller:1.4.0] /opt/gradle/.gradle/caches/9.3.1/transforms/98f7fb2182eaff4e0d484cc4cdc170e4/transformed/profileinstaller-1.4.0/AndroidManifest.xml:38:13-36
262            android:permission="android.permission.DUMP" >
262-->[androidx.profileinstaller:profileinstaller:1.4.0] /opt/gradle/.gradle/caches/9.3.1/transforms/98f7fb2182eaff4e0d484cc4cdc170e4/transformed/profileinstaller-1.4.0/AndroidManifest.xml:39:13-57
263            <intent-filter>
263-->[androidx.profileinstaller:profileinstaller:1.4.0] /opt/gradle/.gradle/caches/9.3.1/transforms/98f7fb2182eaff4e0d484cc4cdc170e4/transformed/profileinstaller-1.4.0/AndroidManifest.xml:40:13-42:29
264                <action android:name="androidx.profileinstaller.action.INSTALL_PROFILE" />
264-->[androidx.profileinstaller:profileinstaller:1.4.0] /opt/gradle/.gradle/caches/9.3.1/transforms/98f7fb2182eaff4e0d484cc4cdc170e4/transformed/profileinstaller-1.4.0/AndroidManifest.xml:41:17-91
264-->[androidx.profileinstaller:profileinstaller:1.4.0] /opt/gradle/.gradle/caches/9.3.1/transforms/98f7fb2182eaff4e0d484cc4cdc170e4/transformed/profileinstaller-1.4.0/AndroidManifest.xml:41:25-88
265            </intent-filter>
266            <intent-filter>
266-->[androidx.profileinstaller:profileinstaller:1.4.0] /opt/gradle/.gradle/caches/9.3.1/transforms/98f7fb2182eaff4e0d484cc4cdc170e4/transformed/profileinstaller-1.4.0/AndroidManifest.xml:43:13-45:29
267                <action android:name="androidx.profileinstaller.action.SKIP_FILE" />
267-->[androidx.profileinstaller:profileinstaller:1.4.0] /opt/gradle/.gradle/caches/9.3.1/transforms/98f7fb2182eaff4e0d484cc4cdc170e4/transformed/profileinstaller-1.4.0/AndroidManifest.xml:44:17-85
267-->[androidx.profileinstaller:profileinstaller:1.4.0] /opt/gradle/.gradle/caches/9.3.1/transforms/98f7fb2182eaff4e0d484cc4cdc170e4/transformed/profileinstaller-1.4.0/AndroidManifest.xml:44:25-82
268            </intent-filter>
269            <intent-filter>
269-->[androidx.profileinstaller:profileinstaller:1.4.0] /opt/gradle/.gradle/caches/9.3.1/transforms/98f7fb2182eaff4e0d484cc4cdc170e4/transformed/profileinstaller-1.4.0/AndroidManifest.xml:46:13-48:29
270                <action android:name="androidx.profileinstaller.action.SAVE_PROFILE" />
270-->[androidx.profileinstaller:profileinstaller:1.4.0] /opt/gradle/.gradle/caches/9.3.1/transforms/98f7fb2182eaff4e0d484cc4cdc170e4/transformed/profileinstaller-1.4.0/AndroidManifest.xml:47:17-88
270-->[androidx.profileinstaller:profileinstaller:1.4.0] /opt/gradle/.gradle/caches/9.3.1/transforms/98f7fb2182eaff4e0d484cc4cdc170e4/transformed/profileinstaller-1.4.0/AndroidManifest.xml:47:25-85
271            </intent-filter>
272            <intent-filter>
272-->[androidx.profileinstaller:profileinstaller:1.4.0] /opt/gradle/.gradle/caches/9.3.1/transforms/98f7fb2182eaff4e0d484cc4cdc170e4/transformed/profileinstaller-1.4.0/AndroidManifest.xml:49:13-51:29
273                <action android:name="androidx.profileinstaller.action.BENCHMARK_OPERATION" />
273-->[androidx.profileinstaller:profileinstaller:1.4.0] /opt/gradle/.gradle/caches/9.3.1/transforms/98f7fb2182eaff4e0d484cc4cdc170e4/transformed/profileinstaller-1.4.0/AndroidManifest.xml:50:17-95
273-->[androidx.profileinstaller:profileinstaller:1.4.0] /opt/gradle/.gradle/caches/9.3.1/transforms/98f7fb2182eaff4e0d484cc4cdc170e4/transformed/profileinstaller-1.4.0/AndroidManifest.xml:50:25-92
274            </intent-filter>
275        </receiver>
276    </application>
277
278</manifest>

Merged manifest saved to /app/applet/app/build/intermediates/packaged_manifests/debugUnitTest/processDebugUnitTestManifest/AndroidManifest.xml
Resolve mutations for :app:generateDebugUnitTestConfig (Thread[#542,Execution worker,5,main]) started.
:app:generateDebugUnitTestConfig (Thread[#542,Execution worker,5,main]) started.

> Task :app:generateDebugUnitTestConfig
Caching disabled for task ':app:generateDebugUnitTestConfig' because:
  Caching has been disabled for the task
Task ':app:generateDebugUnitTestConfig' is not up-to-date because:
  No history is available.

> Task :app:kspDebugKotlin
Build cache key for task ':app:kspDebugKotlin' is 8c5a091aab191613ac2df26baf6ae2f1
Task ':app:kspDebugKotlin' is not up-to-date because:
  Value of input property 'kspConfig.logLevel' has changed for task ':app:kspDebugKotlin'
The input changes require a full rebuild for incremental task ':app:kspDebugKotlin'.
i: [ksp] loaded provider(s): [androidx.room.RoomKspProcessor$Provider, com.squareup.moshi.kotlin.codegen.ksp.JsonClassSymbolProcessorProvider]
Stored cache entry for task ':app:kspDebugKotlin' with cache key 8c5a091aab191613ac2df26baf6ae2f1
Resolve mutations for :app:compileDebugKotlin (Thread[#543,Execution worker Thread 2,5,main]) started.
:app:compileDebugKotlin (Thread[#543,Execution worker Thread 2,5,main]) started.

> Task :app:compileDebugKotlin UP-TO-DATE
file or directory '/app/applet/app/src/main/kotlin', not found
file or directory '/app/applet/app/src/debug/java', not found
file or directory '/app/applet/app/src/debug/kotlin', not found
file or directory '/app/applet/app/src/debug/java', not found
file or directory '/app/applet/app/src/main/kotlin', not found
file or directory '/app/applet/app/src/debug/java', not found
file or directory '/app/applet/app/src/debug/kotlin', not found
file or directory '/app/applet/app/src/debug/java', not found
file or directory '/app/applet/app/src/main/kotlin', not found
file or directory '/app/applet/app/src/debug/java', not found
file or directory '/app/applet/app/src/debug/kotlin', not found
file or directory '/app/applet/app/src/debug/java', not found
Build cache key for task ':app:compileDebugKotlin' is c826d68287175fd618882dfe42261ec8
Skipping task ':app:compileDebugKotlin' as it is up-to-date.
Resolve mutations for :app:compileDebugJavaWithJavac (Thread[#543,Execution worker Thread 2,5,main]) started.
Resolve mutations for :app:processDebugJavaRes (Thread[#542,Execution worker,5,main]) started.
:app:processDebugJavaRes (Thread[#542,Execution worker,5,main]) started.
:app:compileDebugJavaWithJavac (Thread[#543,Execution worker Thread 2,5,main]) started.

> Task :app:compileDebugJavaWithJavac UP-TO-DATE
Build cache key for task ':app:compileDebugJavaWithJavac' is e540992bb81d5d70599a9e8542d91c2d
Skipping task ':app:compileDebugJavaWithJavac' as it is up-to-date.

> Task :app:processDebugJavaRes UP-TO-DATE
file or directory '/app/applet/app/src/main/resources', not found
file or directory '/app/applet/app/src/debug/resources', not found
Caching disabled for task ':app:processDebugJavaRes' because:
  Caching has been disabled for the task
Skipping task ':app:processDebugJavaRes' as it is up-to-date.
No compile result for :app:compileDebugJavaWithJavac
Resolve mutations for :app:bundleDebugClassesToRuntimeJar (Thread[#543,Execution worker Thread 2,5,main]) started.
Resolve mutations for :app:bundleDebugClassesToCompileJar (Thread[#541,included builds,5,main]) started.
work action resolve out (project :app) (Thread[#542,Execution worker,5,main]) started.
:app:bundleDebugClassesToCompileJar (Thread[#541,included builds,5,main]) started.
:app:bundleDebugClassesToRuntimeJar (Thread[#543,Execution worker Thread 2,5,main]) started.

> Task :app:bundleDebugClassesToCompileJar UP-TO-DATE
Caching disabled for task ':app:bundleDebugClassesToCompileJar' because:
  Caching has been disabled for the task
Skipping task ':app:bundleDebugClassesToCompileJar' as it is up-to-date.
work action resolve classes.jar (project :app) (Thread[#541,included builds,5,main]) started.
Resolve mutations for :app:kspDebugUnitTestKotlin (Thread[#541,included builds,5,main]) started.
:app:kspDebugUnitTestKotlin (Thread[#541,included builds,5,main]) started.

> Task :app:bundleDebugClassesToRuntimeJar
Caching disabled for task ':app:bundleDebugClassesToRuntimeJar' because:
  Caching has been disabled for the task
Task ':app:bundleDebugClassesToRuntimeJar' is not up-to-date because:
  No history is available.
work action resolve classes.jar (project :app) (Thread[#543,Execution worker Thread 2,5,main]) started.

> Task :app:kspDebugUnitTestKotlin
Caching disabled for AarToClassTransform: /opt/gradle/.gradle/caches/modules-2/files-2.1/androidx.compose.ui/ui-test-junit4-android/1.7.2/c16110d3cebce1c267fc12d9b14f7c7a76fef4b8/ui-test-junit4-release.aar because:
  Caching not enabled.
Caching disabled for AarToClassTransform: /opt/gradle/.gradle/caches/modules-2/files-2.1/androidx.compose.ui/ui-test-android/1.7.2/b66593be279bf0f318a67538c719f6e8db51369c/ui-test-release.aar because:
  Caching not enabled.
Caching disabled for AarToClassTransform: /opt/gradle/.gradle/caches/modules-2/files-2.1/io.github.takahirom.roborazzi/roborazzi/1.59.0/d1df27a813cb398053bac7041e29c01f136603ed/roborazzi-1.59.0.aar because:
  Caching not enabled.
Caching disabled for AarToClassTransform: /opt/gradle/.gradle/caches/modules-2/files-2.1/io.github.takahirom.roborazzi/roborazzi-core-android/1.59.0/943ff53bc003d30f26737854a2d137e8aac3d08e/roborazzi-core-release.aar because:
  Caching not enabled.
Caching disabled for AarToClassTransform: /opt/gradle/.gradle/caches/modules-2/files-2.1/androidx.test.espresso/espresso-core/3.5.1/ad190e8b95ac21ceab785c880d5c781d9731c703/espresso-core-3.5.1.aar because:
  Caching not enabled.
Caching disabled for AarToClassTransform: /opt/gradle/.gradle/caches/modules-2/files-2.1/androidx.test.ext/junit/1.3.0/1461515f981eb6342553074fc9ffa0528c083f86/junit-1.3.0.aar because:
  Caching not enabled.
Caching disabled for AarToClassTransform: /opt/gradle/.gradle/caches/modules-2/files-2.1/androidx.test/core/1.7.0/442a8eec92a3a26cd48e9605b161611520efd586/core-1.7.0.aar because:
  Caching not enabled.
Caching disabled for IdentityTransform: /opt/gradle/.gradle/caches/modules-2/files-2.1/org.jetbrains.kotlinx/kotlinx-coroutines-test-jvm/1.10.2/deb87732ba15dc455f08af4b120fca0d96d6cb5f/kotlinx-coroutines-test-jvm-1.10.2.jar because:
  Caching not enabled.
Caching disabled for IdentityTransform: /opt/gradle/.gradle/caches/modules-2/files-2.1/androidx.concurrent/concurrent-futures/1.2.0/6a1dfd69226e148898410721f4b14315343d1429/concurrent-futures-1.2.0.jar because:
  Caching not enabled.
Caching disabled for IdentityTransform: /opt/gradle/.gradle/caches/modules-2/files-2.1/androidx.concurrent/concurrent-futures-ktx/1.2.0/13b49fdb58c74bdfb12eb131b5e22d6d09683e30/concurrent-futures-ktx-1.2.0.jar because:
  Caching not enabled.
Caching disabled for AarToClassTransform: /opt/gradle/.gradle/caches/modules-2/files-2.1/io.github.takahirom.roborazzi/roborazzi-compose/1.59.0/42b29bb81eb3e3285bd024f261b8c0a5b04ddc65/roborazzi-compose-1.59.0.aar because:
  Caching not enabled.
Caching disabled for AarToClassTransform: /opt/gradle/.gradle/caches/modules-2/files-2.1/io.github.takahirom.roborazzi/roborazzi-junit-rule/1.59.0/b78cfa91ffa2ff6dcabab32f1b921c9f2b724b1b/roborazzi-junit-rule-1.59.0.aar because:
  Caching not enabled.
Caching disabled for IdentityTransform: /opt/gradle/.gradle/caches/modules-2/files-2.1/org.robolectric/robolectric/4.16.1/23d7214ddb0d3e430533cd94ae8df0deef81321c/robolectric-4.16.1.jar because:
  Caching not enabled.
Caching disabled for AarToClassTransform: /opt/gradle/.gradle/caches/modules-2/files-2.1/androidx.test/runner/1.5.2/e49fcc24df6f63c20334b8c8a065b838bd6983cd/runner-1.5.2.aar because:
  Caching not enabled.
Caching disabled for AarToClassTransform: /opt/gradle/.gradle/caches/modules-2/files-2.1/androidx.test.services/storage/1.6.0/25ee07e80508898ef0fb74ddec44f56fd7221011/storage-1.6.0.aar because:
  Caching not enabled.
Caching disabled for IdentityTransform: /opt/gradle/.gradle/caches/modules-2/files-2.1/org.robolectric/shadows-framework/4.16.1/8de8daee97c18b7cb305df2155e09352c3f4784b/shadows-framework-4.16.1.jar because:
  Caching not enabled.
Caching disabled for AarToClassTransform: /opt/gradle/.gradle/caches/modules-2/files-2.1/androidx.test/monitor/1.8.0/3b49e700fa301ccfc2126d60d0a2064836cfec85/monitor-1.8.0.aar because:
  Caching not enabled.
Caching disabled for AarToClassTransform: /opt/gradle/.gradle/caches/modules-2/files-2.1/androidx.test/annotation/1.0.1/5b8f891800db5da96485d08b42b1e435bc0c43da/annotation-1.0.1.aar because:
  Caching not enabled.
Caching disabled for IdentityTransform: /opt/gradle/.gradle/caches/modules-2/files-2.1/com.dropbox.differ/differ-jvm/0.3.0/1fc0656a44bf48b466414a6167c675a1e84e4703/differ-jvm-0.3.0.jar because:
  Caching not enabled.
Caching disabled for IdentityTransform: /opt/gradle/.gradle/caches/modules-2/files-2.1/junit/junit/4.13.2/8ac9e16d933b6fb43bc7f576336b8f4d7eb5ba12/junit-4.13.2.jar because:
  Caching not enabled.
Caching disabled for AarToClassTransform: /opt/gradle/.gradle/caches/modules-2/files-2.1/androidx.tracing/tracing/1.1.0/cdc41b1335c3857e4136d399f6a7962663d05e5e/tracing-1.1.0.aar because:
  Caching not enabled.
Caching disabled for IdentityTransform: /opt/gradle/.gradle/caches/modules-2/files-2.1/org.robolectric/junit/4.16.1/bf78ceb93a1ce6540d17c96667c718f6eb6b02a8/junit-4.16.1.jar because:
  Caching not enabled.
Caching disabled for IdentityTransform: /opt/gradle/.gradle/caches/modules-2/files-2.1/org.robolectric/resources/4.16.1/63f17dcabdc665a4c6526065a6988ad91ce94a2e/resources-4.16.1.jar because:
  Caching not enabled.
Caching disabled for IdentityTransform: /opt/gradle/.gradle/caches/modules-2/files-2.1/org.robolectric/sandbox/4.16.1/f07a594df898ddeff90f8ad1afbd2dc87d4adf57/sandbox-4.16.1.jar because:
  Caching not enabled.
Caching disabled for IdentityTransform: /opt/gradle/.gradle/caches/modules-2/files-2.1/org.robolectric/utils-reflector/4.16.1/6981e76db63d2871ea686af2ebf93f8ec25377c/utils-reflector-4.16.1.jar because:
  Caching not enabled.
Caching disabled for IdentityTransform: /opt/gradle/.gradle/caches/modules-2/files-2.1/org.robolectric/plugins-maven-dependency-resolver/4.16.1/35dcd628ea6a41f75583c7f4a0e3319b8568a03/plugins-maven-dependency-resolver-4.16.1.jar because:
  Caching not enabled.
Caching disabled for IdentityTransform: /opt/gradle/.gradle/caches/modules-2/files-2.1/org.robolectric/nativeruntime/4.16.1/b3f40e562aec27ed2db7390ff4e34b57fab4bd32/nativeruntime-4.16.1.jar because:
  Caching not enabled.
Caching disabled for IdentityTransform: /opt/gradle/.gradle/caches/modules-2/files-2.1/org.robolectric/shadowapi/4.16.1/67bd325ef7690b7afc58412bb8d412e0dec544dc/shadowapi-4.16.1.jar because:
  Caching not enabled.
Caching disabled for IdentityTransform: /opt/gradle/.gradle/caches/modules-2/files-2.1/org.robolectric/utils/4.16.1/a1161904b408aae53d895b4cd5d0238cc1f0583c/utils-4.16.1.jar because:
  Caching not enabled.
Caching disabled for IdentityTransform: /opt/gradle/.gradle/caches/modules-2/files-2.1/org.robolectric/pluginapi/4.16.1/c19231c5af0a4db96cf0f137f80ec7b598e1d4bc/pluginapi-4.16.1.jar because:
  Caching not enabled.
Caching disabled for IdentityTransform: /opt/gradle/.gradle/caches/modules-2/files-2.1/com.google.guava/guava/33.4.8-jre/cb7510a733595f02fe633ffff62d40cfc3056e9/guava-33.4.8-android.jar because:
  Caching not enabled.
Caching disabled for IdentityTransform: /opt/gradle/.gradle/caches/modules-2/files-2.1/com.google.guava/listenablefuture/9999.0-empty-to-avoid-conflict-with-guava/b421526c5f297295adef1c886e5246c39d4ac629/listenablefuture-9999.0-empty-to-avoid-conflict-with-guava.jar because:
  Caching not enabled.
Caching disabled for IdentityTransform: /opt/gradle/.gradle/caches/modules-2/files-2.1/org.hamcrest/hamcrest-library/1.3/4785a3c21320980282f9f33d0d1264a69040538f/hamcrest-library-1.3.jar because:
  Caching not enabled.
Caching disabled for IdentityTransform: /opt/gradle/.gradle/caches/modules-2/files-2.1/org.hamcrest/hamcrest-integration/1.3/5de0c73fef18917cd85d0ab70bb23818685e4dfd/hamcrest-integration-1.3.jar because:
  Caching not enabled.
Caching disabled for IdentityTransform: /opt/gradle/.gradle/caches/modules-2/files-2.1/org.hamcrest/hamcrest-core/1.3/42a25dc3219429f0e5d060061f71acb49bf010a0/hamcrest-core-1.3.jar because:
  Caching not enabled.
Caching disabled for IdentityTransform: /opt/gradle/.gradle/caches/modules-2/files-2.1/org.robolectric/annotations/4.16.1/59e6be87a183b4bd397d5f2088531b0cdb8b1155/annotations-4.16.1.jar because:
  Caching not enabled.
Caching disabled for IdentityTransform: /opt/gradle/.gradle/caches/modules-2/files-2.1/javax.inject/javax.inject/1/6975da39a7040257bd51d21a231b76c915872d38/javax.inject-1.jar because:
  Caching not enabled.
Caching disabled for IdentityTransform: /opt/gradle/.gradle/caches/modules-2/files-2.1/javax.annotation/javax.annotation-api/1.3.2/934c04d3cfef185a8008e7bf34331b79730a9d43/javax.annotation-api-1.3.2.jar because:
  Caching not enabled.
Caching disabled for IdentityTransform: /opt/gradle/.gradle/caches/modules-2/files-2.1/org.bouncycastle/bcprov-jdk18on/1.81/d17c094daef57dbd80af71687a475aa6df7cbe54/bcprov-jdk18on-1.81.jar because:
  Caching not enabled.
Caching disabled for IdentityTransform: /opt/gradle/.gradle/caches/modules-2/files-2.1/com.google.auto.value/auto-value-annotations/1.11.0/f0d047931d07cfbc6fa4079854f181ff62891d6f/auto-value-annotations-1.11.0.jar because:
  Caching not enabled.
Caching disabled for IdentityTransform: /opt/gradle/.gradle/caches/modules-2/files-2.1/org.ow2.asm/asm-commons/9.8/36e4d212970388e5bd2c5180292012502df461bb/asm-commons-9.8.jar because:
  Caching not enabled.
Caching disabled for IdentityTransform: /opt/gradle/.gradle/caches/modules-2/files-2.1/org.ow2.asm/asm-tree/9.8/18419ca5b77a2f81097c741e7872e6ab8d2f40d/asm-tree-9.8.jar because:
  Caching not enabled.
Caching disabled for IdentityTransform: /opt/gradle/.gradle/caches/modules-2/files-2.1/org.ow2.asm/asm/9.8/dc19ecb3f7889b7860697215cae99c0f9b6f6b4b/asm-9.8.jar because:
  Caching not enabled.
Caching disabled for IdentityTransform: /opt/gradle/.gradle/caches/modules-2/files-2.1/com.almworks.sqlite4java/sqlite4java/1.0.392/d6234e08ff4e1607ff5321da2579571f05ff778d/sqlite4java-1.0.392.jar because:
  Caching not enabled.
Caching disabled for IdentityTransform: /opt/gradle/.gradle/caches/modules-2/files-2.1/com.ibm.icu/icu4j/77.1/38693cf0b1d7362a8b726af74dc06026a7c23809/icu4j-77.1.jar because:
  Caching not enabled.
Caching disabled for AarToClassTransform: /opt/gradle/.gradle/caches/modules-2/files-2.1/androidx.test.espresso/espresso-idling-resource/3.5.1/7effe597dd1b1a9dcb964dae6d5257abc4aa5507/espresso-idling-resource-3.5.1.aar because:
  Caching not enabled.
Caching disabled for IdentityTransform: /opt/gradle/.gradle/caches/modules-2/files-2.1/com.squareup/javawriter/2.1.1/67ff45d9ae02e583d0f9b3432a5ebbe05c30c966/javawriter-2.1.1.jar because:
  Caching not enabled.
Caching disabled for IdentityTransform: /opt/gradle/.gradle/caches/modules-2/files-2.1/com.google.code.findbugs/jsr305/2.0.2/516c03b21d50a644d538de0f0369c620989cd8f0/jsr305-2.0.2.jar because:
  Caching not enabled.
Caching disabled for IdentityTransform: /opt/gradle/.gradle/caches/modules-2/files-2.1/com.google.guava/failureaccess/1.0.3/aeaffd00d57023a2c947393ed251f0354f0985fc/failureaccess-1.0.3.jar because:
  Caching not enabled.
Caching disabled for IdentityTransform: /opt/gradle/.gradle/caches/modules-2/files-2.1/com.google.errorprone/error_prone_annotations/2.36.0/227d4d4957ccc3dc5761bd897e3a0ee587e750a7/error_prone_annotations-2.36.0.jar because:
  Caching not enabled.
Caching disabled for IdentityTransform: /opt/gradle/.gradle/caches/modules-2/files-2.1/com.google.j2objc/j2objc-annotations/3.0.0/7399e65dd7e9ff3404f4535b2f017093bdb134c7/j2objc-annotations-3.0.0.jar because:
  Caching not enabled.
Build cache key for StructureTransformAction: /opt/gradle/.gradle/caches/9.3.1/transforms/9b4caaad4c2f09471514c777c80b534f/transformed/junit-1.3.0-api.jar is dcf90b3c60387c39073f92a2f2575b28
Build cache key for StructureTransformAction: /opt/gradle/.gradle/caches/9.3.1/transforms/d4e9ec9f3a1c2555a1c03b6df0f4db5d/transformed/ui-test-junit4-release-api.jar is f0d3bd04e6c49b148c7fa68f32d63e90
Build cache key for StructureTransformAction: /opt/gradle/.gradle/caches/9.3.1/transforms/df7fdbc36b60e60bd50eab3a6680dd5e/transformed/ui-test-release-api.jar is 7ab7153c596a5e1f86f1c5148155e0eb
Build cache key for StructureTransformAction: /app/applet/app/build/intermediates/compile_app_classes_jar/debug/bundleDebugClassesToCompileJar/classes.jar is a4f014b9aff2f72667d5bd3a822b09d4
Stored cache entry for StructureTransformAction: /opt/gradle/.gradle/caches/9.3.1/transforms/9b4caaad4c2f09471514c777c80b534f/transformed/junit-1.3.0-api.jar with cache key dcf90b3c60387c39073f92a2f2575b28
Build cache key for StructureTransformAction: /opt/gradle/.gradle/caches/9.3.1/transforms/b9739ee25de25be7bc47306100519c51/transformed/roborazzi-1.59.0-api.jar is f5310957203b2688411d525c3ef6557a
Stored cache entry for StructureTransformAction: /opt/gradle/.gradle/caches/9.3.1/transforms/d4e9ec9f3a1c2555a1c03b6df0f4db5d/transformed/ui-test-junit4-release-api.jar with cache key f0d3bd04e6c49b148c7fa68f32d63e90
Build cache key for StructureTransformAction: /opt/gradle/.gradle/caches/9.3.1/transforms/277853cec893b54e342cf7a5cdd40cdc/transformed/roborazzi-core-release-api.jar is 314f667462e403ace1a6261de24f43b5
Stored cache entry for StructureTransformAction: /opt/gradle/.gradle/caches/9.3.1/transforms/b9739ee25de25be7bc47306100519c51/transformed/roborazzi-1.59.0-api.jar with cache key f5310957203b2688411d525c3ef6557a
Build cache key for StructureTransformAction: /opt/gradle/.gradle/caches/9.3.1/transforms/9be50bfcc18c0041f038cf573ec67a31/transformed/espresso-core-3.5.1-api.jar is 55f7afd4eccb608909caf5301c9e9984
Stored cache entry for StructureTransformAction: /opt/gradle/.gradle/caches/9.3.1/transforms/277853cec893b54e342cf7a5cdd40cdc/transformed/roborazzi-core-release-api.jar with cache key 314f667462e403ace1a6261de24f43b5
Build cache key for StructureTransformAction: /opt/gradle/.gradle/caches/9.3.1/transforms/f831aaa85ab95e7835efab01134d8fd4/transformed/core-1.7.0-api.jar is 9828e80136fe40ed0f4ea5d8bb16b8ab
Stored cache entry for StructureTransformAction: /opt/gradle/.gradle/caches/9.3.1/transforms/f831aaa85ab95e7835efab01134d8fd4/transformed/core-1.7.0-api.jar with cache key 9828e80136fe40ed0f4ea5d8bb16b8ab
Build cache key for StructureTransformAction: /opt/gradle/.gradle/caches/modules-2/files-2.1/org.jetbrains.kotlinx/kotlinx-coroutines-test-jvm/1.10.2/deb87732ba15dc455f08af4b120fca0d96d6cb5f/kotlinx-coroutines-test-jvm-1.10.2.jar is 3cfaaeab43345752b3a6c40e82771491
Stored cache entry for StructureTransformAction: /app/applet/app/build/intermediates/compile_app_classes_jar/debug/bundleDebugClassesToCompileJar/classes.jar with cache key a4f014b9aff2f72667d5bd3a822b09d4
Build cache key for StructureTransformAction: /opt/gradle/.gradle/caches/modules-2/files-2.1/androidx.concurrent/concurrent-futures/1.2.0/6a1dfd69226e148898410721f4b14315343d1429/concurrent-futures-1.2.0.jar is adcc5ee35a5bbeedeab46da0fae3a8fd
Stored cache entry for StructureTransformAction: /opt/gradle/.gradle/caches/9.3.1/transforms/df7fdbc36b60e60bd50eab3a6680dd5e/transformed/ui-test-release-api.jar with cache key 7ab7153c596a5e1f86f1c5148155e0eb
Build cache key for StructureTransformAction: /opt/gradle/.gradle/caches/modules-2/files-2.1/androidx.concurrent/concurrent-futures-ktx/1.2.0/13b49fdb58c74bdfb12eb131b5e22d6d09683e30/concurrent-futures-ktx-1.2.0.jar is b51b38aca7bf4f3fb5ec5c0b24c798b9
Stored cache entry for StructureTransformAction: /opt/gradle/.gradle/caches/modules-2/files-2.1/androidx.concurrent/concurrent-futures/1.2.0/6a1dfd69226e148898410721f4b14315343d1429/concurrent-futures-1.2.0.jar with cache key adcc5ee35a5bbeedeab46da0fae3a8fd
Build cache key for StructureTransformAction: /opt/gradle/.gradle/caches/9.3.1/transforms/2c6cd61b1ab3c91b3ff1b364b9b0a0d3/transformed/roborazzi-compose-1.59.0-api.jar is 0299bf9829edae36a6ac498b4d119842
Stored cache entry for StructureTransformAction: /opt/gradle/.gradle/caches/modules-2/files-2.1/org.jetbrains.kotlinx/kotlinx-coroutines-test-jvm/1.10.2/deb87732ba15dc455f08af4b120fca0d96d6cb5f/kotlinx-coroutines-test-jvm-1.10.2.jar with cache key 3cfaaeab43345752b3a6c40e82771491
Stored cache entry for StructureTransformAction: /opt/gradle/.gradle/caches/modules-2/files-2.1/androidx.concurrent/concurrent-futures-ktx/1.2.0/13b49fdb58c74bdfb12eb131b5e22d6d09683e30/concurrent-futures-ktx-1.2.0.jar with cache key b51b38aca7bf4f3fb5ec5c0b24c798b9
Build cache key for StructureTransformAction: /opt/gradle/.gradle/caches/9.3.1/transforms/ba560991630269fe60101319834101d6/transformed/roborazzi-junit-rule-1.59.0-api.jar is 116bf7e29ac6b352d99747ea1dfa0464
Build cache key for StructureTransformAction: /opt/gradle/.gradle/caches/modules-2/files-2.1/org.robolectric/robolectric/4.16.1/23d7214ddb0d3e430533cd94ae8df0deef81321c/robolectric-4.16.1.jar is c70a374b6f810e0a9f23cce06344e08a
Stored cache entry for StructureTransformAction: /opt/gradle/.gradle/caches/9.3.1/transforms/2c6cd61b1ab3c91b3ff1b364b9b0a0d3/transformed/roborazzi-compose-1.59.0-api.jar with cache key 0299bf9829edae36a6ac498b4d119842
Build cache key for StructureTransformAction: /opt/gradle/.gradle/caches/9.3.1/transforms/7135987ad21757674798d2bb0c81d8a7/transformed/runner-1.5.2-api.jar is e230d06ba1a2947a587a0c93ce78d389
Stored cache entry for StructureTransformAction: /opt/gradle/.gradle/caches/9.3.1/transforms/ba560991630269fe60101319834101d6/transformed/roborazzi-junit-rule-1.59.0-api.jar with cache key 116bf7e29ac6b352d99747ea1dfa0464
Build cache key for StructureTransformAction: /opt/gradle/.gradle/caches/9.3.1/transforms/54a82050e8ab61863f35e12f3e0de889/transformed/storage-1.6.0-api.jar is b13873db1c3bcf717e0102169f9e4f49
Stored cache entry for StructureTransformAction: /opt/gradle/.gradle/caches/9.3.1/transforms/9be50bfcc18c0041f038cf573ec67a31/transformed/espresso-core-3.5.1-api.jar with cache key 55f7afd4eccb608909caf5301c9e9984
Build cache key for StructureTransformAction: /opt/gradle/.gradle/caches/modules-2/files-2.1/org.robolectric/shadows-framework/4.16.1/8de8daee97c18b7cb305df2155e09352c3f4784b/shadows-framework-4.16.1.jar is 102ea44dfd97a192c3b65011e0570dc7
Stored cache entry for StructureTransformAction: /opt/gradle/.gradle/caches/9.3.1/transforms/54a82050e8ab61863f35e12f3e0de889/transformed/storage-1.6.0-api.jar with cache key b13873db1c3bcf717e0102169f9e4f49
Build cache key for StructureTransformAction: /opt/gradle/.gradle/caches/9.3.1/transforms/f90fb84bc1704ca3641e419eb72088a1/transformed/monitor-1.8.0-api.jar is 7fac5c2655237b7aaca41790b2b29de1
Stored cache entry for StructureTransformAction: /opt/gradle/.gradle/caches/modules-2/files-2.1/org.robolectric/robolectric/4.16.1/23d7214ddb0d3e430533cd94ae8df0deef81321c/robolectric-4.16.1.jar with cache key c70a374b6f810e0a9f23cce06344e08a
Build cache key for StructureTransformAction: /opt/gradle/.gradle/caches/9.3.1/transforms/fb54d9fc220c4b471ae7574b2661a601/transformed/annotation-1.0.1-api.jar is 0df7ede7c975376a3f0858f5392bb1a8
Stored cache entry for StructureTransformAction: /opt/gradle/.gradle/caches/9.3.1/transforms/fb54d9fc220c4b471ae7574b2661a601/transformed/annotation-1.0.1-api.jar with cache key 0df7ede7c975376a3f0858f5392bb1a8
Stored cache entry for StructureTransformAction: /opt/gradle/.gradle/caches/9.3.1/transforms/7135987ad21757674798d2bb0c81d8a7/transformed/runner-1.5.2-api.jar with cache key e230d06ba1a2947a587a0c93ce78d389
Build cache key for StructureTransformAction: /opt/gradle/.gradle/caches/modules-2/files-2.1/com.dropbox.differ/differ-jvm/0.3.0/1fc0656a44bf48b466414a6167c675a1e84e4703/differ-jvm-0.3.0.jar is 1fea78b9327e6fd6793bfd3dc16b79f3
Build cache key for StructureTransformAction: /opt/gradle/.gradle/caches/modules-2/files-2.1/junit/junit/4.13.2/8ac9e16d933b6fb43bc7f576336b8f4d7eb5ba12/junit-4.13.2.jar is 1b3fef7ddb14f2704723cb08a74b27d3
Stored cache entry for StructureTransformAction: /opt/gradle/.gradle/caches/9.3.1/transforms/f90fb84bc1704ca3641e419eb72088a1/transformed/monitor-1.8.0-api.jar with cache key 7fac5c2655237b7aaca41790b2b29de1
Build cache key for StructureTransformAction: /opt/gradle/.gradle/caches/9.3.1/transforms/f3974a9eab250350eb24fdfeccb94cd7/transformed/tracing-1.1.0-api.jar is 551da28257facdc15ed9eb96c2eedb30
Stored cache entry for StructureTransformAction: /opt/gradle/.gradle/caches/modules-2/files-2.1/com.dropbox.differ/differ-jvm/0.3.0/1fc0656a44bf48b466414a6167c675a1e84e4703/differ-jvm-0.3.0.jar with cache key 1fea78b9327e6fd6793bfd3dc16b79f3
Stored cache entry for StructureTransformAction: /opt/gradle/.gradle/caches/9.3.1/transforms/f3974a9eab250350eb24fdfeccb94cd7/transformed/tracing-1.1.0-api.jar with cache key 551da28257facdc15ed9eb96c2eedb30
Build cache key for StructureTransformAction: /opt/gradle/.gradle/caches/modules-2/files-2.1/org.robolectric/junit/4.16.1/bf78ceb93a1ce6540d17c96667c718f6eb6b02a8/junit-4.16.1.jar is 316624ab036d6759a0b7400926571aba
Build cache key for StructureTransformAction: /opt/gradle/.gradle/caches/modules-2/files-2.1/org.robolectric/resources/4.16.1/63f17dcabdc665a4c6526065a6988ad91ce94a2e/resources-4.16.1.jar is e13d88d09063464425e8d18abed13649
Stored cache entry for StructureTransformAction: /opt/gradle/.gradle/caches/modules-2/files-2.1/org.robolectric/junit/4.16.1/bf78ceb93a1ce6540d17c96667c718f6eb6b02a8/junit-4.16.1.jar with cache key 316624ab036d6759a0b7400926571aba
Build cache key for StructureTransformAction: /opt/gradle/.gradle/caches/modules-2/files-2.1/org.robolectric/sandbox/4.16.1/f07a594df898ddeff90f8ad1afbd2dc87d4adf57/sandbox-4.16.1.jar is 16f68c1d06bc962add97a4516bfa3b89
Stored cache entry for StructureTransformAction: /opt/gradle/.gradle/caches/modules-2/files-2.1/org.robolectric/sandbox/4.16.1/f07a594df898ddeff90f8ad1afbd2dc87d4adf57/sandbox-4.16.1.jar with cache key 16f68c1d06bc962add97a4516bfa3b89
Build cache key for StructureTransformAction: /opt/gradle/.gradle/caches/modules-2/files-2.1/org.robolectric/utils-reflector/4.16.1/6981e76db63d2871ea686af2ebf93f8ec25377c/utils-reflector-4.16.1.jar is 180636995a734d2434683fb9eca107d4
Stored cache entry for StructureTransformAction: /opt/gradle/.gradle/caches/modules-2/files-2.1/org.robolectric/utils-reflector/4.16.1/6981e76db63d2871ea686af2ebf93f8ec25377c/utils-reflector-4.16.1.jar with cache key 180636995a734d2434683fb9eca107d4
Stored cache entry for StructureTransformAction: /opt/gradle/.gradle/caches/modules-2/files-2.1/junit/junit/4.13.2/8ac9e16d933b6fb43bc7f576336b8f4d7eb5ba12/junit-4.13.2.jar with cache key 1b3fef7ddb14f2704723cb08a74b27d3
Build cache key for StructureTransformAction: /opt/gradle/.gradle/caches/modules-2/files-2.1/org.robolectric/plugins-maven-dependency-resolver/4.16.1/35dcd628ea6a41f75583c7f4a0e3319b8568a03/plugins-maven-dependency-resolver-4.16.1.jar is 94d3fcad5b89841ee91a877167dd1d58
Build cache key for StructureTransformAction: /opt/gradle/.gradle/caches/modules-2/files-2.1/org.robolectric/nativeruntime/4.16.1/b3f40e562aec27ed2db7390ff4e34b57fab4bd32/nativeruntime-4.16.1.jar is 75cae7ff1651adbacfa1a6a7c93f1390
Stored cache entry for StructureTransformAction: /opt/gradle/.gradle/caches/modules-2/files-2.1/org.robolectric/resources/4.16.1/63f17dcabdc665a4c6526065a6988ad91ce94a2e/resources-4.16.1.jar with cache key e13d88d09063464425e8d18abed13649
Build cache key for StructureTransformAction: /opt/gradle/.gradle/caches/modules-2/files-2.1/org.robolectric/shadowapi/4.16.1/67bd325ef7690b7afc58412bb8d412e0dec544dc/shadowapi-4.16.1.jar is cef9d06437b3767e39fd9cd657c64e4d
Stored cache entry for StructureTransformAction: /opt/gradle/.gradle/caches/modules-2/files-2.1/org.robolectric/plugins-maven-dependency-resolver/4.16.1/35dcd628ea6a41f75583c7f4a0e3319b8568a03/plugins-maven-dependency-resolver-4.16.1.jar with cache key 94d3fcad5b89841ee91a877167dd1d58
Build cache key for StructureTransformAction: /opt/gradle/.gradle/caches/modules-2/files-2.1/org.robolectric/utils/4.16.1/a1161904b408aae53d895b4cd5d0238cc1f0583c/utils-4.16.1.jar is d34d8c081a8e9e48c29e6f1a4b6bea7d
Stored cache entry for StructureTransformAction: /opt/gradle/.gradle/caches/modules-2/files-2.1/org.robolectric/shadowapi/4.16.1/67bd325ef7690b7afc58412bb8d412e0dec544dc/shadowapi-4.16.1.jar with cache key cef9d06437b3767e39fd9cd657c64e4d
Stored cache entry for StructureTransformAction: /opt/gradle/.gradle/caches/modules-2/files-2.1/org.robolectric/nativeruntime/4.16.1/b3f40e562aec27ed2db7390ff4e34b57fab4bd32/nativeruntime-4.16.1.jar with cache key 75cae7ff1651adbacfa1a6a7c93f1390
Build cache key for StructureTransformAction: /opt/gradle/.gradle/caches/modules-2/files-2.1/com.google.guava/guava/33.4.8-jre/cb7510a733595f02fe633ffff62d40cfc3056e9/guava-33.4.8-android.jar is 9f7f89b155f28e2a8127a5ea773d5845
Build cache key for StructureTransformAction: /opt/gradle/.gradle/caches/modules-2/files-2.1/org.robolectric/pluginapi/4.16.1/c19231c5af0a4db96cf0f137f80ec7b598e1d4bc/pluginapi-4.16.1.jar is 8e7e5ce2598e547c3fd6acc76b50ca93
Stored cache entry for StructureTransformAction: /opt/gradle/.gradle/caches/modules-2/files-2.1/org.robolectric/pluginapi/4.16.1/c19231c5af0a4db96cf0f137f80ec7b598e1d4bc/pluginapi-4.16.1.jar with cache key 8e7e5ce2598e547c3fd6acc76b50ca93
Stored cache entry for StructureTransformAction: /opt/gradle/.gradle/caches/modules-2/files-2.1/org.robolectric/utils/4.16.1/a1161904b408aae53d895b4cd5d0238cc1f0583c/utils-4.16.1.jar with cache key d34d8c081a8e9e48c29e6f1a4b6bea7d
Build cache key for StructureTransformAction: /opt/gradle/.gradle/caches/modules-2/files-2.1/com.google.guava/listenablefuture/9999.0-empty-to-avoid-conflict-with-guava/b421526c5f297295adef1c886e5246c39d4ac629/listenablefuture-9999.0-empty-to-avoid-conflict-with-guava.jar is a514d91147afa72c7ca235e2d27bc938
Build cache key for StructureTransformAction: /opt/gradle/.gradle/caches/modules-2/files-2.1/org.hamcrest/hamcrest-integration/1.3/5de0c73fef18917cd85d0ab70bb23818685e4dfd/hamcrest-integration-1.3.jar is 138c8bdaf7488819fee6c1eedc862e98
Stored cache entry for StructureTransformAction: /opt/gradle/.gradle/caches/modules-2/files-2.1/com.google.guava/listenablefuture/9999.0-empty-to-avoid-conflict-with-guava/b421526c5f297295adef1c886e5246c39d4ac629/listenablefuture-9999.0-empty-to-avoid-conflict-with-guava.jar with cache key a514d91147afa72c7ca235e2d27bc938
Build cache key for StructureTransformAction: /opt/gradle/.gradle/caches/modules-2/files-2.1/org.hamcrest/hamcrest-library/1.3/4785a3c21320980282f9f33d0d1264a69040538f/hamcrest-library-1.3.jar is b790e3830ce1efb3644719be620bdad5
Stored cache entry for StructureTransformAction: /opt/gradle/.gradle/caches/modules-2/files-2.1/org.hamcrest/hamcrest-integration/1.3/5de0c73fef18917cd85d0ab70bb23818685e4dfd/hamcrest-integration-1.3.jar with cache key 138c8bdaf7488819fee6c1eedc862e98
Build cache key for StructureTransformAction: /opt/gradle/.gradle/caches/modules-2/files-2.1/org.hamcrest/hamcrest-core/1.3/42a25dc3219429f0e5d060061f71acb49bf010a0/hamcrest-core-1.3.jar is f1b67736fe0b2f1460eeb0eeece0aa35
Stored cache entry for StructureTransformAction: /opt/gradle/.gradle/caches/modules-2/files-2.1/org.hamcrest/hamcrest-library/1.3/4785a3c21320980282f9f33d0d1264a69040538f/hamcrest-library-1.3.jar with cache key b790e3830ce1efb3644719be620bdad5
Build cache key for StructureTransformAction: /opt/gradle/.gradle/caches/modules-2/files-2.1/org.robolectric/annotations/4.16.1/59e6be87a183b4bd397d5f2088531b0cdb8b1155/annotations-4.16.1.jar is 1e9fb2dcb0653519e6b0206cd5a7cb00
Stored cache entry for StructureTransformAction: /opt/gradle/.gradle/caches/modules-2/files-2.1/org.hamcrest/hamcrest-core/1.3/42a25dc3219429f0e5d060061f71acb49bf010a0/hamcrest-core-1.3.jar with cache key f1b67736fe0b2f1460eeb0eeece0aa35
Build cache key for StructureTransformAction: /opt/gradle/.gradle/caches/modules-2/files-2.1/javax.inject/javax.inject/1/6975da39a7040257bd51d21a231b76c915872d38/javax.inject-1.jar is dc6e5acd9ff472ad5830c8586c88ea73
Stored cache entry for StructureTransformAction: /opt/gradle/.gradle/caches/modules-2/files-2.1/javax.inject/javax.inject/1/6975da39a7040257bd51d21a231b76c915872d38/javax.inject-1.jar with cache key dc6e5acd9ff472ad5830c8586c88ea73
Stored cache entry for StructureTransformAction: /opt/gradle/.gradle/caches/modules-2/files-2.1/org.robolectric/annotations/4.16.1/59e6be87a183b4bd397d5f2088531b0cdb8b1155/annotations-4.16.1.jar with cache key 1e9fb2dcb0653519e6b0206cd5a7cb00
Build cache key for StructureTransformAction: /opt/gradle/.gradle/caches/modules-2/files-2.1/javax.annotation/javax.annotation-api/1.3.2/934c04d3cfef185a8008e7bf34331b79730a9d43/javax.annotation-api-1.3.2.jar is c903f904959aa3234380213f8d57a6fc
Build cache key for StructureTransformAction: /opt/gradle/.gradle/caches/modules-2/files-2.1/org.bouncycastle/bcprov-jdk18on/1.81/d17c094daef57dbd80af71687a475aa6df7cbe54/bcprov-jdk18on-1.81.jar is 2aff7b6ca61c99d9a4e04b5b9e8d5e7a
Stored cache entry for StructureTransformAction: /opt/gradle/.gradle/caches/modules-2/files-2.1/javax.annotation/javax.annotation-api/1.3.2/934c04d3cfef185a8008e7bf34331b79730a9d43/javax.annotation-api-1.3.2.jar with cache key c903f904959aa3234380213f8d57a6fc
Build cache key for StructureTransformAction: /opt/gradle/.gradle/caches/modules-2/files-2.1/com.google.auto.value/auto-value-annotations/1.11.0/f0d047931d07cfbc6fa4079854f181ff62891d6f/auto-value-annotations-1.11.0.jar is bf7fa8ebb7c9213cb9759f1b568a2343
Stored cache entry for StructureTransformAction: /opt/gradle/.gradle/caches/modules-2/files-2.1/com.google.auto.value/auto-value-annotations/1.11.0/f0d047931d07cfbc6fa4079854f181ff62891d6f/auto-value-annotations-1.11.0.jar with cache key bf7fa8ebb7c9213cb9759f1b568a2343
Build cache key for StructureTransformAction: /opt/gradle/.gradle/caches/modules-2/files-2.1/org.ow2.asm/asm-commons/9.8/36e4d212970388e5bd2c5180292012502df461bb/asm-commons-9.8.jar is 903d0f1c1a86234877ad57e086b662ac
Stored cache entry for StructureTransformAction: /opt/gradle/.gradle/caches/modules-2/files-2.1/org.ow2.asm/asm-commons/9.8/36e4d212970388e5bd2c5180292012502df461bb/asm-commons-9.8.jar with cache key 903d0f1c1a86234877ad57e086b662ac
Build cache key for StructureTransformAction: /opt/gradle/.gradle/caches/modules-2/files-2.1/org.ow2.asm/asm-tree/9.8/18419ca5b77a2f81097c741e7872e6ab8d2f40d/asm-tree-9.8.jar is 7b1c7c9d209b8bbfb36de9844e8e4526
Stored cache entry for StructureTransformAction: /opt/gradle/.gradle/caches/modules-2/files-2.1/org.ow2.asm/asm-tree/9.8/18419ca5b77a2f81097c741e7872e6ab8d2f40d/asm-tree-9.8.jar with cache key 7b1c7c9d209b8bbfb36de9844e8e4526
Build cache key for StructureTransformAction: /opt/gradle/.gradle/caches/modules-2/files-2.1/org.ow2.asm/asm/9.8/dc19ecb3f7889b7860697215cae99c0f9b6f6b4b/asm-9.8.jar is 7b69a9e575376736ad5e80bd2b7bd1dc
Stored cache entry for StructureTransformAction: /opt/gradle/.gradle/caches/modules-2/files-2.1/org.ow2.asm/asm/9.8/dc19ecb3f7889b7860697215cae99c0f9b6f6b4b/asm-9.8.jar with cache key 7b69a9e575376736ad5e80bd2b7bd1dc
Build cache key for StructureTransformAction: /opt/gradle/.gradle/caches/modules-2/files-2.1/com.almworks.sqlite4java/sqlite4java/1.0.392/d6234e08ff4e1607ff5321da2579571f05ff778d/sqlite4java-1.0.392.jar is b2c12382baaefe58476f3d2f0d62ef63
Stored cache entry for StructureTransformAction: /opt/gradle/.gradle/caches/modules-2/files-2.1/com.almworks.sqlite4java/sqlite4java/1.0.392/d6234e08ff4e1607ff5321da2579571f05ff778d/sqlite4java-1.0.392.jar with cache key b2c12382baaefe58476f3d2f0d62ef63
Build cache key for StructureTransformAction: /opt/gradle/.gradle/caches/modules-2/files-2.1/com.ibm.icu/icu4j/77.1/38693cf0b1d7362a8b726af74dc06026a7c23809/icu4j-77.1.jar is bff07871999f25c098bb7882a608195c
Stored cache entry for StructureTransformAction: /opt/gradle/.gradle/caches/modules-2/files-2.1/org.robolectric/shadows-framework/4.16.1/8de8daee97c18b7cb305df2155e09352c3f4784b/shadows-framework-4.16.1.jar with cache key 102ea44dfd97a192c3b65011e0570dc7
Build cache key for StructureTransformAction: /opt/gradle/.gradle/caches/9.3.1/transforms/741637fe464c6fa3895fd625956d15d6/transformed/espresso-idling-resource-3.5.1-api.jar is 93bdeed8ec84d7d4b4ddd324bc539cc9
Stored cache entry for StructureTransformAction: /opt/gradle/.gradle/caches/9.3.1/transforms/741637fe464c6fa3895fd625956d15d6/transformed/espresso-idling-resource-3.5.1-api.jar with cache key 93bdeed8ec84d7d4b4ddd324bc539cc9
Build cache key for StructureTransformAction: /opt/gradle/.gradle/caches/modules-2/files-2.1/com.squareup/javawriter/2.1.1/67ff45d9ae02e583d0f9b3432a5ebbe05c30c966/javawriter-2.1.1.jar is 88228547e1c37fd33e67d0a3563c2c7f
Stored cache entry for StructureTransformAction: /opt/gradle/.gradle/caches/modules-2/files-2.1/com.squareup/javawriter/2.1.1/67ff45d9ae02e583d0f9b3432a5ebbe05c30c966/javawriter-2.1.1.jar with cache key 88228547e1c37fd33e67d0a3563c2c7f
Build cache key for StructureTransformAction: /opt/gradle/.gradle/caches/modules-2/files-2.1/com.google.code.findbugs/jsr305/2.0.2/516c03b21d50a644d538de0f0369c620989cd8f0/jsr305-2.0.2.jar is 5ea777d0cdb718fc670ad1da55d6bfd0
Stored cache entry for StructureTransformAction: /opt/gradle/.gradle/caches/modules-2/files-2.1/com.google.code.findbugs/jsr305/2.0.2/516c03b21d50a644d538de0f0369c620989cd8f0/jsr305-2.0.2.jar with cache key 5ea777d0cdb718fc670ad1da55d6bfd0
Build cache key for StructureTransformAction: /opt/gradle/.gradle/caches/modules-2/files-2.1/com.google.guava/failureaccess/1.0.3/aeaffd00d57023a2c947393ed251f0354f0985fc/failureaccess-1.0.3.jar is efb4bee7e9310339899a4ae2bb7168c0
Stored cache entry for StructureTransformAction: /opt/gradle/.gradle/caches/modules-2/files-2.1/com.google.guava/failureaccess/1.0.3/aeaffd00d57023a2c947393ed251f0354f0985fc/failureaccess-1.0.3.jar with cache key efb4bee7e9310339899a4ae2bb7168c0
Build cache key for StructureTransformAction: /opt/gradle/.gradle/caches/modules-2/files-2.1/com.google.errorprone/error_prone_annotations/2.36.0/227d4d4957ccc3dc5761bd897e3a0ee587e750a7/error_prone_annotations-2.36.0.jar is 38bba79cdfa5e6187f834c625e21543b
Stored cache entry for StructureTransformAction: /opt/gradle/.gradle/caches/modules-2/files-2.1/com.google.errorprone/error_prone_annotations/2.36.0/227d4d4957ccc3dc5761bd897e3a0ee587e750a7/error_prone_annotations-2.36.0.jar with cache key 38bba79cdfa5e6187f834c625e21543b
Build cache key for StructureTransformAction: /opt/gradle/.gradle/caches/modules-2/files-2.1/com.google.j2objc/j2objc-annotations/3.0.0/7399e65dd7e9ff3404f4535b2f017093bdb134c7/j2objc-annotations-3.0.0.jar is 484b2a281cc31d08a9f6777c170e139f
Stored cache entry for StructureTransformAction: /opt/gradle/.gradle/caches/modules-2/files-2.1/com.google.j2objc/j2objc-annotations/3.0.0/7399e65dd7e9ff3404f4535b2f017093bdb134c7/j2objc-annotations-3.0.0.jar with cache key 484b2a281cc31d08a9f6777c170e139f
Stored cache entry for StructureTransformAction: /opt/gradle/.gradle/caches/modules-2/files-2.1/com.google.guava/guava/33.4.8-jre/cb7510a733595f02fe633ffff62d40cfc3056e9/guava-33.4.8-android.jar with cache key 9f7f89b155f28e2a8127a5ea773d5845
Stored cache entry for StructureTransformAction: /opt/gradle/.gradle/caches/modules-2/files-2.1/com.ibm.icu/icu4j/77.1/38693cf0b1d7362a8b726af74dc06026a7c23809/icu4j-77.1.jar with cache key bff07871999f25c098bb7882a608195c
Stored cache entry for StructureTransformAction: /opt/gradle/.gradle/caches/modules-2/files-2.1/org.bouncycastle/bcprov-jdk18on/1.81/d17c094daef57dbd80af71687a475aa6df7cbe54/bcprov-jdk18on-1.81.jar with cache key 2aff7b6ca61c99d9a4e04b5b9e8d5e7a
Build cache key for task ':app:kspDebugUnitTestKotlin' is a3e8e0608776143134e7646e0f9ecccb
Task ':app:kspDebugUnitTestKotlin' is not up-to-date because:
  No history is available.
The input changes require a full rebuild for incremental task ':app:kspDebugUnitTestKotlin'.
i: [ksp] loaded provider(s): [androidx.room.RoomKspProcessor$Provider, com.squareup.moshi.kotlin.codegen.ksp.JsonClassSymbolProcessorProvider]

Exception in thread "AWT-EventQueue-0" java.lang.NullPointerException: Cannot invoke "ksp.com.intellij.openapi.application.Application.getService(java.lang.Class)" because the return value of "ksp.com.intellij.openapi.application.ApplicationManager.getApplication()" is null
	at ksp.com.intellij.openapi.fileEditor.FileDocumentManager.getInstance(FileDocumentManager.java:35)
	at ksp.com.intellij.openapi.fileTypes.BinaryFileTypeDecompilers.lambda$notifyDecompilerSetChange$1(BinaryFileTypeDecompilers.java:29)
	at java.desktop/java.awt.event.InvocationEvent.dispatch(InvocationEvent.java:318)
	at java.desktop/java.awt.EventQueue.dispatchEventImpl(EventQueue.java:773)
	at java.desktop/java.awt.EventQueue$4.run(EventQueue.java:720)
	at java.desktop/java.awt.EventQueue$4.run(EventQueue.java:714)
	at java.base/java.security.AccessController.doPrivileged(AccessController.java:400)
	at java.base/java.security.ProtectionDomain$JavaSecurityAccessImpl.doIntersectionPrivilege(ProtectionDomain.java:87)
	at java.desktop/java.awt.EventQueue.dispatchEvent(EventQueue.java:742)
	at java.desktop/java.awt.EventDispatchThread.pumpOneEventForFilters(EventDispatchThread.java:203)
	at java.desktop/java.awt.EventDispatchThread.pumpEventsForFilter(EventDispatchThread.java:124)
	at java.desktop/java.awt.EventDispatchThread.pumpEventsForHierarchy(EventDispatchThread.java:113)
	at java.desktop/java.awt.EventDispatchThread.pumpEvents(EventDispatchThread.java:109)
	at java.desktop/java.awt.EventDispatchThread.pumpEvents(EventDispatchThread.java:101)
	at java.desktop/java.awt.EventDispatchThread.run(EventDispatchThread.java:90)

> Task :app:kspDebugUnitTestKotlin
Stored cache entry for task ':app:kspDebugUnitTestKotlin' with cache key a3e8e0608776143134e7646e0f9ecccb
Resolve mutations for :app:compileDebugUnitTestKotlin (Thread[#541,included builds,5,main]) started.
:app:compileDebugUnitTestKotlin (Thread[#541,included builds,5,main]) started.

> Task :app:compileDebugUnitTestKotlin
file or directory '/app/applet/app/src/test/kotlin', not found
file or directory '/app/applet/app/src/testDebug/java', not found
file or directory '/app/applet/app/src/testDebug/kotlin', not found
file or directory '/app/applet/app/src/testDebug/java', not found
file or directory '/app/applet/app/src/test/kotlin', not found
file or directory '/app/applet/app/src/testDebug/java', not found
file or directory '/app/applet/app/src/testDebug/kotlin', not found
file or directory '/app/applet/app/src/testDebug/java', not found
Build cache key for BuildToolsApiClasspathEntrySnapshotTransform: /app/applet/app/build/intermediates/compile_app_classes_jar/debug/bundleDebugClassesToCompileJar/classes.jar is 51c79f1a5708d75f75812d1096323917
Build cache key for BuildToolsApiClasspathEntrySnapshotTransform: /opt/gradle/.gradle/caches/9.3.1/transforms/df7fdbc36b60e60bd50eab3a6680dd5e/transformed/ui-test-release-api.jar is c8b20cdd28e99b0629e53acf9b562686
Build cache key for BuildToolsApiClasspathEntrySnapshotTransform: /opt/gradle/.gradle/caches/9.3.1/transforms/d4e9ec9f3a1c2555a1c03b6df0f4db5d/transformed/ui-test-junit4-release-api.jar is 34f98b0f49f5300c0c1cd7da14abf668
Build cache key for BuildToolsApiClasspathEntrySnapshotTransform: /app/applet/app/build/intermediates/compile_and_runtime_r_class_jar/debug/processDebugResources/R.jar is 83811b035480aff25640aa46e11cd4c3
Stored cache entry for BuildToolsApiClasspathEntrySnapshotTransform: /opt/gradle/.gradle/caches/9.3.1/transforms/d4e9ec9f3a1c2555a1c03b6df0f4db5d/transformed/ui-test-junit4-release-api.jar with cache key 34f98b0f49f5300c0c1cd7da14abf668
Build cache key for BuildToolsApiClasspathEntrySnapshotTransform: /opt/gradle/.gradle/caches/9.3.1/transforms/9b4caaad4c2f09471514c777c80b534f/transformed/junit-1.3.0-api.jar is f7d965dc209a58d408767fcbba93d0cf
Stored cache entry for BuildToolsApiClasspathEntrySnapshotTransform: /opt/gradle/.gradle/caches/9.3.1/transforms/9b4caaad4c2f09471514c777c80b534f/transformed/junit-1.3.0-api.jar with cache key f7d965dc209a58d408767fcbba93d0cf
Build cache key for BuildToolsApiClasspathEntrySnapshotTransform: /opt/gradle/.gradle/caches/9.3.1/transforms/b9739ee25de25be7bc47306100519c51/transformed/roborazzi-1.59.0-api.jar is a0795b2f6d816b4694f0719714475113
Stored cache entry for BuildToolsApiClasspathEntrySnapshotTransform: /opt/gradle/.gradle/caches/9.3.1/transforms/b9739ee25de25be7bc47306100519c51/transformed/roborazzi-1.59.0-api.jar with cache key a0795b2f6d816b4694f0719714475113
Build cache key for BuildToolsApiClasspathEntrySnapshotTransform: /opt/gradle/.gradle/caches/9.3.1/transforms/277853cec893b54e342cf7a5cdd40cdc/transformed/roborazzi-core-release-api.jar is 352baa8f49ec826837b507e2eba5ae94
Stored cache entry for BuildToolsApiClasspathEntrySnapshotTransform: /app/applet/app/build/intermediates/compile_and_runtime_r_class_jar/debug/processDebugResources/R.jar with cache key 83811b035480aff25640aa46e11cd4c3
Build cache key for BuildToolsApiClasspathEntrySnapshotTransform: /opt/gradle/.gradle/caches/9.3.1/transforms/9be50bfcc18c0041f038cf573ec67a31/transformed/espresso-core-3.5.1-api.jar is 4f87754727540dc9da88ef167c783069
Stored cache entry for BuildToolsApiClasspathEntrySnapshotTransform: /opt/gradle/.gradle/caches/9.3.1/transforms/277853cec893b54e342cf7a5cdd40cdc/transformed/roborazzi-core-release-api.jar with cache key 352baa8f49ec826837b507e2eba5ae94
Build cache key for BuildToolsApiClasspathEntrySnapshotTransform: /opt/gradle/.gradle/caches/9.3.1/transforms/f831aaa85ab95e7835efab01134d8fd4/transformed/core-1.7.0-api.jar is bdd2525e0c975834a6ae39f42bb0d1d1
Stored cache entry for BuildToolsApiClasspathEntrySnapshotTransform: /opt/gradle/.gradle/caches/9.3.1/transforms/df7fdbc36b60e60bd50eab3a6680dd5e/transformed/ui-test-release-api.jar with cache key c8b20cdd28e99b0629e53acf9b562686
Build cache key for BuildToolsApiClasspathEntrySnapshotTransform: /opt/gradle/.gradle/caches/modules-2/files-2.1/org.jetbrains.kotlinx/kotlinx-coroutines-test-jvm/1.10.2/deb87732ba15dc455f08af4b120fca0d96d6cb5f/kotlinx-coroutines-test-jvm-1.10.2.jar is 0501223e6205cfe2f7e34039311c915a
Stored cache entry for BuildToolsApiClasspathEntrySnapshotTransform: /app/applet/app/build/intermediates/compile_app_classes_jar/debug/bundleDebugClassesToCompileJar/classes.jar with cache key 51c79f1a5708d75f75812d1096323917
Build cache key for BuildToolsApiClasspathEntrySnapshotTransform: /opt/gradle/.gradle/caches/modules-2/files-2.1/androidx.concurrent/concurrent-futures/1.2.0/6a1dfd69226e148898410721f4b14315343d1429/concurrent-futures-1.2.0.jar is 4ab3ccb9349b7dbe240b3ad1f02edabb
Stored cache entry for BuildToolsApiClasspathEntrySnapshotTransform: /opt/gradle/.gradle/caches/9.3.1/transforms/f831aaa85ab95e7835efab01134d8fd4/transformed/core-1.7.0-api.jar with cache key bdd2525e0c975834a6ae39f42bb0d1d1
Build cache key for BuildToolsApiClasspathEntrySnapshotTransform: /opt/gradle/.gradle/caches/modules-2/files-2.1/androidx.concurrent/concurrent-futures-ktx/1.2.0/13b49fdb58c74bdfb12eb131b5e22d6d09683e30/concurrent-futures-ktx-1.2.0.jar is 606985f7b83ceacab9bb8d6c93e3284c
Stored cache entry for BuildToolsApiClasspathEntrySnapshotTransform: /opt/gradle/.gradle/caches/modules-2/files-2.1/androidx.concurrent/concurrent-futures-ktx/1.2.0/13b49fdb58c74bdfb12eb131b5e22d6d09683e30/concurrent-futures-ktx-1.2.0.jar with cache key 606985f7b83ceacab9bb8d6c93e3284c
Build cache key for BuildToolsApiClasspathEntrySnapshotTransform: /opt/gradle/.gradle/caches/9.3.1/transforms/2c6cd61b1ab3c91b3ff1b364b9b0a0d3/transformed/roborazzi-compose-1.59.0-api.jar is 422cdc72c9c684f47c2ea291f4ac5df4
Stored cache entry for BuildToolsApiClasspathEntrySnapshotTransform: /opt/gradle/.gradle/caches/modules-2/files-2.1/androidx.concurrent/concurrent-futures/1.2.0/6a1dfd69226e148898410721f4b14315343d1429/concurrent-futures-1.2.0.jar with cache key 4ab3ccb9349b7dbe240b3ad1f02edabb
Build cache key for BuildToolsApiClasspathEntrySnapshotTransform: /opt/gradle/.gradle/caches/9.3.1/transforms/ba560991630269fe60101319834101d6/transformed/roborazzi-junit-rule-1.59.0-api.jar is 1811818789d994c558bdd0c32bbcabe4
Stored cache entry for BuildToolsApiClasspathEntrySnapshotTransform: /opt/gradle/.gradle/caches/9.3.1/transforms/ba560991630269fe60101319834101d6/transformed/roborazzi-junit-rule-1.59.0-api.jar with cache key 1811818789d994c558bdd0c32bbcabe4
Build cache key for BuildToolsApiClasspathEntrySnapshotTransform: /opt/gradle/.gradle/caches/modules-2/files-2.1/org.robolectric/robolectric/4.16.1/23d7214ddb0d3e430533cd94ae8df0deef81321c/robolectric-4.16.1.jar is 9e3e364f74d3693212524957ef034969
Stored cache entry for BuildToolsApiClasspathEntrySnapshotTransform: /opt/gradle/.gradle/caches/9.3.1/transforms/2c6cd61b1ab3c91b3ff1b364b9b0a0d3/transformed/roborazzi-compose-1.59.0-api.jar with cache key 422cdc72c9c684f47c2ea291f4ac5df4
Build cache key for BuildToolsApiClasspathEntrySnapshotTransform: /opt/gradle/.gradle/caches/9.3.1/transforms/7135987ad21757674798d2bb0c81d8a7/transformed/runner-1.5.2-api.jar is 120a8bf7ec6a5f76d7cb7cf4dd9d3a44
Stored cache entry for BuildToolsApiClasspathEntrySnapshotTransform: /opt/gradle/.gradle/caches/modules-2/files-2.1/org.jetbrains.kotlinx/kotlinx-coroutines-test-jvm/1.10.2/deb87732ba15dc455f08af4b120fca0d96d6cb5f/kotlinx-coroutines-test-jvm-1.10.2.jar with cache key 0501223e6205cfe2f7e34039311c915a
Build cache key for BuildToolsApiClasspathEntrySnapshotTransform: /opt/gradle/.gradle/caches/9.3.1/transforms/54a82050e8ab61863f35e12f3e0de889/transformed/storage-1.6.0-api.jar is 81d216287a71408ee680f2fe31b0d41d
Stored cache entry for BuildToolsApiClasspathEntrySnapshotTransform: /opt/gradle/.gradle/caches/9.3.1/transforms/9be50bfcc18c0041f038cf573ec67a31/transformed/espresso-core-3.5.1-api.jar with cache key 4f87754727540dc9da88ef167c783069
Build cache key for BuildToolsApiClasspathEntrySnapshotTransform: /opt/gradle/.gradle/caches/modules-2/files-2.1/org.robolectric/shadows-framework/4.16.1/8de8daee97c18b7cb305df2155e09352c3f4784b/shadows-framework-4.16.1.jar is 319b23f32af9ae3ac87653b94a4b13f7
Stored cache entry for BuildToolsApiClasspathEntrySnapshotTransform: /opt/gradle/.gradle/caches/9.3.1/transforms/54a82050e8ab61863f35e12f3e0de889/transformed/storage-1.6.0-api.jar with cache key 81d216287a71408ee680f2fe31b0d41d
Build cache key for BuildToolsApiClasspathEntrySnapshotTransform: /opt/gradle/.gradle/caches/9.3.1/transforms/f90fb84bc1704ca3641e419eb72088a1/transformed/monitor-1.8.0-api.jar is 7aba5392154bb73948c040c995d8c363
Stored cache entry for BuildToolsApiClasspathEntrySnapshotTransform: /opt/gradle/.gradle/caches/modules-2/files-2.1/org.robolectric/robolectric/4.16.1/23d7214ddb0d3e430533cd94ae8df0deef81321c/robolectric-4.16.1.jar with cache key 9e3e364f74d3693212524957ef034969
Build cache key for BuildToolsApiClasspathEntrySnapshotTransform: /opt/gradle/.gradle/caches/9.3.1/transforms/fb54d9fc220c4b471ae7574b2661a601/transformed/annotation-1.0.1-api.jar is ac336833aed57e4d48f84956da401acd
Stored cache entry for BuildToolsApiClasspathEntrySnapshotTransform: /opt/gradle/.gradle/caches/9.3.1/transforms/fb54d9fc220c4b471ae7574b2661a601/transformed/annotation-1.0.1-api.jar with cache key ac336833aed57e4d48f84956da401acd
Build cache key for BuildToolsApiClasspathEntrySnapshotTransform: /opt/gradle/.gradle/caches/modules-2/files-2.1/com.dropbox.differ/differ-jvm/0.3.0/1fc0656a44bf48b466414a6167c675a1e84e4703/differ-jvm-0.3.0.jar is 492ae024323fcdf2f73ef80acc1f2c8d
Stored cache entry for BuildToolsApiClasspathEntrySnapshotTransform: /opt/gradle/.gradle/caches/9.3.1/transforms/f90fb84bc1704ca3641e419eb72088a1/transformed/monitor-1.8.0-api.jar with cache key 7aba5392154bb73948c040c995d8c363
Build cache key for BuildToolsApiClasspathEntrySnapshotTransform: /opt/gradle/.gradle/caches/modules-2/files-2.1/junit/junit/4.13.2/8ac9e16d933b6fb43bc7f576336b8f4d7eb5ba12/junit-4.13.2.jar is 8ca07269c0dab79e0ba0895a85565155
Stored cache entry for BuildToolsApiClasspathEntrySnapshotTransform: /opt/gradle/.gradle/caches/modules-2/files-2.1/com.dropbox.differ/differ-jvm/0.3.0/1fc0656a44bf48b466414a6167c675a1e84e4703/differ-jvm-0.3.0.jar with cache key 492ae024323fcdf2f73ef80acc1f2c8d
Build cache key for BuildToolsApiClasspathEntrySnapshotTransform: /opt/gradle/.gradle/caches/9.3.1/transforms/f3974a9eab250350eb24fdfeccb94cd7/transformed/tracing-1.1.0-api.jar is 529044a65861c09106b4f5a11bcdcc75
Stored cache entry for BuildToolsApiClasspathEntrySnapshotTransform: /opt/gradle/.gradle/caches/9.3.1/transforms/7135987ad21757674798d2bb0c81d8a7/transformed/runner-1.5.2-api.jar with cache key 120a8bf7ec6a5f76d7cb7cf4dd9d3a44
Build cache key for BuildToolsApiClasspathEntrySnapshotTransform: /opt/gradle/.gradle/caches/modules-2/files-2.1/org.robolectric/junit/4.16.1/bf78ceb93a1ce6540d17c96667c718f6eb6b02a8/junit-4.16.1.jar is 471b5ea78e37f612dcda7b47b21d16ae
Stored cache entry for BuildToolsApiClasspathEntrySnapshotTransform: /opt/gradle/.gradle/caches/modules-2/files-2.1/org.robolectric/junit/4.16.1/bf78ceb93a1ce6540d17c96667c718f6eb6b02a8/junit-4.16.1.jar with cache key 471b5ea78e37f612dcda7b47b21d16ae
Build cache key for BuildToolsApiClasspathEntrySnapshotTransform: /opt/gradle/.gradle/caches/modules-2/files-2.1/org.robolectric/resources/4.16.1/63f17dcabdc665a4c6526065a6988ad91ce94a2e/resources-4.16.1.jar is 03f0b198cb6ee0c994f8d042be950b30
Stored cache entry for BuildToolsApiClasspathEntrySnapshotTransform: /opt/gradle/.gradle/caches/9.3.1/transforms/f3974a9eab250350eb24fdfeccb94cd7/transformed/tracing-1.1.0-api.jar with cache key 529044a65861c09106b4f5a11bcdcc75
Build cache key for BuildToolsApiClasspathEntrySnapshotTransform: /opt/gradle/.gradle/caches/modules-2/files-2.1/org.robolectric/sandbox/4.16.1/f07a594df898ddeff90f8ad1afbd2dc87d4adf57/sandbox-4.16.1.jar is e4f3c0d2f7cb19c23363b30be518708c
Stored cache entry for BuildToolsApiClasspathEntrySnapshotTransform: /opt/gradle/.gradle/caches/modules-2/files-2.1/org.robolectric/sandbox/4.16.1/f07a594df898ddeff90f8ad1afbd2dc87d4adf57/sandbox-4.16.1.jar with cache key e4f3c0d2f7cb19c23363b30be518708c
Build cache key for BuildToolsApiClasspathEntrySnapshotTransform: /opt/gradle/.gradle/caches/modules-2/files-2.1/org.robolectric/utils-reflector/4.16.1/6981e76db63d2871ea686af2ebf93f8ec25377c/utils-reflector-4.16.1.jar is 7be755675281ccc6ffa684a7a43c6dcd
Stored cache entry for BuildToolsApiClasspathEntrySnapshotTransform: /opt/gradle/.gradle/caches/modules-2/files-2.1/org.robolectric/utils-reflector/4.16.1/6981e76db63d2871ea686af2ebf93f8ec25377c/utils-reflector-4.16.1.jar with cache key 7be755675281ccc6ffa684a7a43c6dcd
Build cache key for BuildToolsApiClasspathEntrySnapshotTransform: /opt/gradle/.gradle/caches/modules-2/files-2.1/org.robolectric/plugins-maven-dependency-resolver/4.16.1/35dcd628ea6a41f75583c7f4a0e3319b8568a03/plugins-maven-dependency-resolver-4.16.1.jar is 424d0af836609f0e382b79afc9fc2868
Stored cache entry for BuildToolsApiClasspathEntrySnapshotTransform: /opt/gradle/.gradle/caches/modules-2/files-2.1/junit/junit/4.13.2/8ac9e16d933b6fb43bc7f576336b8f4d7eb5ba12/junit-4.13.2.jar with cache key 8ca07269c0dab79e0ba0895a85565155
Stored cache entry for BuildToolsApiClasspathEntrySnapshotTransform: /opt/gradle/.gradle/caches/modules-2/files-2.1/org.robolectric/plugins-maven-dependency-resolver/4.16.1/35dcd628ea6a41f75583c7f4a0e3319b8568a03/plugins-maven-dependency-resolver-4.16.1.jar with cache key 424d0af836609f0e382b79afc9fc2868
Build cache key for BuildToolsApiClasspathEntrySnapshotTransform: /opt/gradle/.gradle/caches/modules-2/files-2.1/org.robolectric/nativeruntime/4.16.1/b3f40e562aec27ed2db7390ff4e34b57fab4bd32/nativeruntime-4.16.1.jar is 5654fde48ef9040e917cd68659c33186
Build cache key for BuildToolsApiClasspathEntrySnapshotTransform: /opt/gradle/.gradle/caches/modules-2/files-2.1/org.robolectric/shadowapi/4.16.1/67bd325ef7690b7afc58412bb8d412e0dec544dc/shadowapi-4.16.1.jar is b31b20d02512a4350deb9a63c898ca1f
Stored cache entry for BuildToolsApiClasspathEntrySnapshotTransform: /opt/gradle/.gradle/caches/modules-2/files-2.1/org.robolectric/resources/4.16.1/63f17dcabdc665a4c6526065a6988ad91ce94a2e/resources-4.16.1.jar with cache key 03f0b198cb6ee0c994f8d042be950b30
Build cache key for BuildToolsApiClasspathEntrySnapshotTransform: /opt/gradle/.gradle/caches/modules-2/files-2.1/org.robolectric/utils/4.16.1/a1161904b408aae53d895b4cd5d0238cc1f0583c/utils-4.16.1.jar is ecbf9f5b73e9e46c1768fde1edc02af3
Stored cache entry for BuildToolsApiClasspathEntrySnapshotTransform: /opt/gradle/.gradle/caches/modules-2/files-2.1/org.robolectric/shadowapi/4.16.1/67bd325ef7690b7afc58412bb8d412e0dec544dc/shadowapi-4.16.1.jar with cache key b31b20d02512a4350deb9a63c898ca1f
Build cache key for BuildToolsApiClasspathEntrySnapshotTransform: /opt/gradle/.gradle/caches/modules-2/files-2.1/org.robolectric/pluginapi/4.16.1/c19231c5af0a4db96cf0f137f80ec7b598e1d4bc/pluginapi-4.16.1.jar is 1fe1b7ff5f27150e5857084a01bf3514
Stored cache entry for BuildToolsApiClasspathEntrySnapshotTransform: /opt/gradle/.gradle/caches/modules-2/files-2.1/org.robolectric/nativeruntime/4.16.1/b3f40e562aec27ed2db7390ff4e34b57fab4bd32/nativeruntime-4.16.1.jar with cache key 5654fde48ef9040e917cd68659c33186
Build cache key for BuildToolsApiClasspathEntrySnapshotTransform: /opt/gradle/.gradle/caches/modules-2/files-2.1/com.google.guava/guava/33.4.8-jre/cb7510a733595f02fe633ffff62d40cfc3056e9/guava-33.4.8-android.jar is ce9c0155f006660052caf03332255e70
Stored cache entry for BuildToolsApiClasspathEntrySnapshotTransform: /opt/gradle/.gradle/caches/modules-2/files-2.1/org.robolectric/pluginapi/4.16.1/c19231c5af0a4db96cf0f137f80ec7b598e1d4bc/pluginapi-4.16.1.jar with cache key 1fe1b7ff5f27150e5857084a01bf3514
Stored cache entry for BuildToolsApiClasspathEntrySnapshotTransform: /opt/gradle/.gradle/caches/modules-2/files-2.1/org.robolectric/utils/4.16.1/a1161904b408aae53d895b4cd5d0238cc1f0583c/utils-4.16.1.jar with cache key ecbf9f5b73e9e46c1768fde1edc02af3
Build cache key for BuildToolsApiClasspathEntrySnapshotTransform: /opt/gradle/.gradle/caches/modules-2/files-2.1/com.google.guava/listenablefuture/9999.0-empty-to-avoid-conflict-with-guava/b421526c5f297295adef1c886e5246c39d4ac629/listenablefuture-9999.0-empty-to-avoid-conflict-with-guava.jar is 5f5a3196187332c38a6fb27bd952ae5e
Build cache key for BuildToolsApiClasspathEntrySnapshotTransform: /opt/gradle/.gradle/caches/modules-2/files-2.1/org.hamcrest/hamcrest-integration/1.3/5de0c73fef18917cd85d0ab70bb23818685e4dfd/hamcrest-integration-1.3.jar is 772c8da8d54aee7e1cdaade8d5627a2c
Stored cache entry for BuildToolsApiClasspathEntrySnapshotTransform: /opt/gradle/.gradle/caches/modules-2/files-2.1/com.google.guava/listenablefuture/9999.0-empty-to-avoid-conflict-with-guava/b421526c5f297295adef1c886e5246c39d4ac629/listenablefuture-9999.0-empty-to-avoid-conflict-with-guava.jar with cache key 5f5a3196187332c38a6fb27bd952ae5e
Build cache key for BuildToolsApiClasspathEntrySnapshotTransform: /opt/gradle/.gradle/caches/modules-2/files-2.1/org.hamcrest/hamcrest-library/1.3/4785a3c21320980282f9f33d0d1264a69040538f/hamcrest-library-1.3.jar is 3f0d4c7ac111e7f6239067587ab1c0b0
Stored cache entry for BuildToolsApiClasspathEntrySnapshotTransform: /opt/gradle/.gradle/caches/modules-2/files-2.1/org.hamcrest/hamcrest-integration/1.3/5de0c73fef18917cd85d0ab70bb23818685e4dfd/hamcrest-integration-1.3.jar with cache key 772c8da8d54aee7e1cdaade8d5627a2c
Build cache key for BuildToolsApiClasspathEntrySnapshotTransform: /opt/gradle/.gradle/caches/modules-2/files-2.1/org.hamcrest/hamcrest-core/1.3/42a25dc3219429f0e5d060061f71acb49bf010a0/hamcrest-core-1.3.jar is a9835c0aa446712405e75388895fef78
Stored cache entry for BuildToolsApiClasspathEntrySnapshotTransform: /opt/gradle/.gradle/caches/modules-2/files-2.1/org.hamcrest/hamcrest-library/1.3/4785a3c21320980282f9f33d0d1264a69040538f/hamcrest-library-1.3.jar with cache key 3f0d4c7ac111e7f6239067587ab1c0b0
Stored cache entry for BuildToolsApiClasspathEntrySnapshotTransform: /opt/gradle/.gradle/caches/modules-2/files-2.1/org.hamcrest/hamcrest-core/1.3/42a25dc3219429f0e5d060061f71acb49bf010a0/hamcrest-core-1.3.jar with cache key a9835c0aa446712405e75388895fef78
Build cache key for BuildToolsApiClasspathEntrySnapshotTransform: /opt/gradle/.gradle/caches/modules-2/files-2.1/javax.inject/javax.inject/1/6975da39a7040257bd51d21a231b76c915872d38/javax.inject-1.jar is 839f89bcb5a5b88c0b193bc3047cb52e
Build cache key for BuildToolsApiClasspathEntrySnapshotTransform: /opt/gradle/.gradle/caches/modules-2/files-2.1/org.robolectric/annotations/4.16.1/59e6be87a183b4bd397d5f2088531b0cdb8b1155/annotations-4.16.1.jar is 703dc2020ee6ae7a2f71efe83ebdbe6e
Stored cache entry for BuildToolsApiClasspathEntrySnapshotTransform: /opt/gradle/.gradle/caches/modules-2/files-2.1/javax.inject/javax.inject/1/6975da39a7040257bd51d21a231b76c915872d38/javax.inject-1.jar with cache key 839f89bcb5a5b88c0b193bc3047cb52e
Build cache key for BuildToolsApiClasspathEntrySnapshotTransform: /opt/gradle/.gradle/caches/modules-2/files-2.1/javax.annotation/javax.annotation-api/1.3.2/934c04d3cfef185a8008e7bf34331b79730a9d43/javax.annotation-api-1.3.2.jar is 013005119266afd497627c7da96bd6b9
Stored cache entry for BuildToolsApiClasspathEntrySnapshotTransform: /opt/gradle/.gradle/caches/modules-2/files-2.1/org.robolectric/annotations/4.16.1/59e6be87a183b4bd397d5f2088531b0cdb8b1155/annotations-4.16.1.jar with cache key 703dc2020ee6ae7a2f71efe83ebdbe6e
Stored cache entry for BuildToolsApiClasspathEntrySnapshotTransform: /opt/gradle/.gradle/caches/modules-2/files-2.1/javax.annotation/javax.annotation-api/1.3.2/934c04d3cfef185a8008e7bf34331b79730a9d43/javax.annotation-api-1.3.2.jar with cache key 013005119266afd497627c7da96bd6b9
Build cache key for BuildToolsApiClasspathEntrySnapshotTransform: /opt/gradle/.gradle/caches/modules-2/files-2.1/org.bouncycastle/bcprov-jdk18on/1.81/d17c094daef57dbd80af71687a475aa6df7cbe54/bcprov-jdk18on-1.81.jar is 4752dedf1d291c2fab6f621688e8b931
Build cache key for BuildToolsApiClasspathEntrySnapshotTransform: /opt/gradle/.gradle/caches/modules-2/files-2.1/com.google.auto.value/auto-value-annotations/1.11.0/f0d047931d07cfbc6fa4079854f181ff62891d6f/auto-value-annotations-1.11.0.jar is 47134f8aed922a27f07103ba757b00c7
Stored cache entry for BuildToolsApiClasspathEntrySnapshotTransform: /opt/gradle/.gradle/caches/modules-2/files-2.1/com.google.auto.value/auto-value-annotations/1.11.0/f0d047931d07cfbc6fa4079854f181ff62891d6f/auto-value-annotations-1.11.0.jar with cache key 47134f8aed922a27f07103ba757b00c7
Build cache key for BuildToolsApiClasspathEntrySnapshotTransform: /opt/gradle/.gradle/caches/modules-2/files-2.1/org.ow2.asm/asm-commons/9.8/36e4d212970388e5bd2c5180292012502df461bb/asm-commons-9.8.jar is e0b9b5ed97b0dbc9eaf7d87388e82dee
Stored cache entry for BuildToolsApiClasspathEntrySnapshotTransform: /opt/gradle/.gradle/caches/modules-2/files-2.1/org.ow2.asm/asm-commons/9.8/36e4d212970388e5bd2c5180292012502df461bb/asm-commons-9.8.jar with cache key e0b9b5ed97b0dbc9eaf7d87388e82dee
Build cache key for BuildToolsApiClasspathEntrySnapshotTransform: /opt/gradle/.gradle/caches/modules-2/files-2.1/org.ow2.asm/asm-tree/9.8/18419ca5b77a2f81097c741e7872e6ab8d2f40d/asm-tree-9.8.jar is 4c16b59e4bdabb9e866e6aa994ecadfe
Stored cache entry for BuildToolsApiClasspathEntrySnapshotTransform: /opt/gradle/.gradle/caches/modules-2/files-2.1/org.ow2.asm/asm-tree/9.8/18419ca5b77a2f81097c741e7872e6ab8d2f40d/asm-tree-9.8.jar with cache key 4c16b59e4bdabb9e866e6aa994ecadfe
Build cache key for BuildToolsApiClasspathEntrySnapshotTransform: /opt/gradle/.gradle/caches/modules-2/files-2.1/org.ow2.asm/asm/9.8/dc19ecb3f7889b7860697215cae99c0f9b6f6b4b/asm-9.8.jar is af47ebbe8415e315a9a3cb590e586774
Stored cache entry for BuildToolsApiClasspathEntrySnapshotTransform: /opt/gradle/.gradle/caches/modules-2/files-2.1/org.ow2.asm/asm/9.8/dc19ecb3f7889b7860697215cae99c0f9b6f6b4b/asm-9.8.jar with cache key af47ebbe8415e315a9a3cb590e586774
Build cache key for BuildToolsApiClasspathEntrySnapshotTransform: /opt/gradle/.gradle/caches/modules-2/files-2.1/com.almworks.sqlite4java/sqlite4java/1.0.392/d6234e08ff4e1607ff5321da2579571f05ff778d/sqlite4java-1.0.392.jar is 8cf3e16474c752ccfb16dfed2fa48c82
Stored cache entry for BuildToolsApiClasspathEntrySnapshotTransform: /opt/gradle/.gradle/caches/modules-2/files-2.1/com.almworks.sqlite4java/sqlite4java/1.0.392/d6234e08ff4e1607ff5321da2579571f05ff778d/sqlite4java-1.0.392.jar with cache key 8cf3e16474c752ccfb16dfed2fa48c82
Build cache key for BuildToolsApiClasspathEntrySnapshotTransform: /opt/gradle/.gradle/caches/modules-2/files-2.1/com.ibm.icu/icu4j/77.1/38693cf0b1d7362a8b726af74dc06026a7c23809/icu4j-77.1.jar is 78489edc7b5b605cdbe5f4e55aacc15d
Stored cache entry for BuildToolsApiClasspathEntrySnapshotTransform: /opt/gradle/.gradle/caches/modules-2/files-2.1/org.robolectric/shadows-framework/4.16.1/8de8daee97c18b7cb305df2155e09352c3f4784b/shadows-framework-4.16.1.jar with cache key 319b23f32af9ae3ac87653b94a4b13f7
Build cache key for BuildToolsApiClasspathEntrySnapshotTransform: /opt/gradle/.gradle/caches/9.3.1/transforms/741637fe464c6fa3895fd625956d15d6/transformed/espresso-idling-resource-3.5.1-api.jar is 334233b4b02babff6dea1b91f5f83f64
Stored cache entry for BuildToolsApiClasspathEntrySnapshotTransform: /opt/gradle/.gradle/caches/9.3.1/transforms/741637fe464c6fa3895fd625956d15d6/transformed/espresso-idling-resource-3.5.1-api.jar with cache key 334233b4b02babff6dea1b91f5f83f64
Build cache key for BuildToolsApiClasspathEntrySnapshotTransform: /opt/gradle/.gradle/caches/modules-2/files-2.1/com.squareup/javawriter/2.1.1/67ff45d9ae02e583d0f9b3432a5ebbe05c30c966/javawriter-2.1.1.jar is da855edb6d2c24fd9af7bb9225480853
Stored cache entry for BuildToolsApiClasspathEntrySnapshotTransform: /opt/gradle/.gradle/caches/modules-2/files-2.1/com.squareup/javawriter/2.1.1/67ff45d9ae02e583d0f9b3432a5ebbe05c30c966/javawriter-2.1.1.jar with cache key da855edb6d2c24fd9af7bb9225480853
Build cache key for BuildToolsApiClasspathEntrySnapshotTransform: /opt/gradle/.gradle/caches/modules-2/files-2.1/com.google.code.findbugs/jsr305/2.0.2/516c03b21d50a644d538de0f0369c620989cd8f0/jsr305-2.0.2.jar is 9125cb725d0cdb6309e5efe7ab2d5048
Stored cache entry for BuildToolsApiClasspathEntrySnapshotTransform: /opt/gradle/.gradle/caches/modules-2/files-2.1/com.google.code.findbugs/jsr305/2.0.2/516c03b21d50a644d538de0f0369c620989cd8f0/jsr305-2.0.2.jar with cache key 9125cb725d0cdb6309e5efe7ab2d5048
Build cache key for BuildToolsApiClasspathEntrySnapshotTransform: /opt/gradle/.gradle/caches/modules-2/files-2.1/com.google.guava/failureaccess/1.0.3/aeaffd00d57023a2c947393ed251f0354f0985fc/failureaccess-1.0.3.jar is 460e5036160048b85e3898b348be912f
Stored cache entry for BuildToolsApiClasspathEntrySnapshotTransform: /opt/gradle/.gradle/caches/modules-2/files-2.1/com.google.guava/failureaccess/1.0.3/aeaffd00d57023a2c947393ed251f0354f0985fc/failureaccess-1.0.3.jar with cache key 460e5036160048b85e3898b348be912f
Build cache key for BuildToolsApiClasspathEntrySnapshotTransform: /opt/gradle/.gradle/caches/modules-2/files-2.1/com.google.errorprone/error_prone_annotations/2.36.0/227d4d4957ccc3dc5761bd897e3a0ee587e750a7/error_prone_annotations-2.36.0.jar is d345d718a4fa86f553df5350688796a9
Stored cache entry for BuildToolsApiClasspathEntrySnapshotTransform: /opt/gradle/.gradle/caches/modules-2/files-2.1/com.google.errorprone/error_prone_annotations/2.36.0/227d4d4957ccc3dc5761bd897e3a0ee587e750a7/error_prone_annotations-2.36.0.jar with cache key d345d718a4fa86f553df5350688796a9
Build cache key for BuildToolsApiClasspathEntrySnapshotTransform: /opt/gradle/.gradle/caches/modules-2/files-2.1/com.google.j2objc/j2objc-annotations/3.0.0/7399e65dd7e9ff3404f4535b2f017093bdb134c7/j2objc-annotations-3.0.0.jar is f131b4545b90db77ba6676fba2cc7be3
Stored cache entry for BuildToolsApiClasspathEntrySnapshotTransform: /opt/gradle/.gradle/caches/modules-2/files-2.1/com.google.j2objc/j2objc-annotations/3.0.0/7399e65dd7e9ff3404f4535b2f017093bdb134c7/j2objc-annotations-3.0.0.jar with cache key f131b4545b90db77ba6676fba2cc7be3
Stored cache entry for BuildToolsApiClasspathEntrySnapshotTransform: /opt/gradle/.gradle/caches/modules-2/files-2.1/com.google.guava/guava/33.4.8-jre/cb7510a733595f02fe633ffff62d40cfc3056e9/guava-33.4.8-android.jar with cache key ce9c0155f006660052caf03332255e70
Stored cache entry for BuildToolsApiClasspathEntrySnapshotTransform: /opt/gradle/.gradle/caches/modules-2/files-2.1/com.ibm.icu/icu4j/77.1/38693cf0b1d7362a8b726af74dc06026a7c23809/icu4j-77.1.jar with cache key 78489edc7b5b605cdbe5f4e55aacc15d
Stored cache entry for BuildToolsApiClasspathEntrySnapshotTransform: /opt/gradle/.gradle/caches/modules-2/files-2.1/org.bouncycastle/bcprov-jdk18on/1.81/d17c094daef57dbd80af71687a475aa6df7cbe54/bcprov-jdk18on-1.81.jar with cache key 4752dedf1d291c2fab6f621688e8b931
file or directory '/app/applet/app/src/test/kotlin', not found
file or directory '/app/applet/app/src/testDebug/java', not found
file or directory '/app/applet/app/src/testDebug/kotlin', not found
file or directory '/app/applet/app/src/testDebug/java', not found
Build cache key for task ':app:compileDebugUnitTestKotlin' is 9372a32772b4d289530ef29668b75d5f
Task ':app:compileDebugUnitTestKotlin' is not up-to-date because:
  No history is available.
The input changes require a full rebuild for incremental task ':app:compileDebugUnitTestKotlin'.
file or directory '/app/applet/app/src/test/kotlin', not found
file or directory '/app/applet/app/src/test/kotlin', not found
file or directory '/app/applet/app/src/testDebug/java', not found
file or directory '/app/applet/app/src/testDebug/java', not found
file or directory '/app/applet/app/src/testDebug/kotlin', not found
file or directory '/app/applet/app/src/testDebug/kotlin', not found
file or directory '/app/applet/app/src/testDebug/java', not found
file or directory '/app/applet/app/src/testDebug/java', not found
file or directory '/app/applet/app/build/generated/ksp/debugUnitTest/java', not found
file or directory '/app/applet/app/build/generated/ksp/debugUnitTest/kotlin', not found
file or directory '/app/applet/app/src/test/kotlin', not found
file or directory '/app/applet/app/src/testDebug/java', not found
file or directory '/app/applet/app/src/testDebug/kotlin', not found
file or directory '/app/applet/app/src/testDebug/java', not found
file or directory '/app/applet/app/src/test/kotlin', not found
file or directory '/app/applet/app/src/test/kotlin', not found
file or directory '/app/applet/app/src/testDebug/java', not found
file or directory '/app/applet/app/src/testDebug/java', not found
file or directory '/app/applet/app/src/testDebug/kotlin', not found
file or directory '/app/applet/app/src/testDebug/kotlin', not found
file or directory '/app/applet/app/src/testDebug/java', not found
file or directory '/app/applet/app/src/testDebug/java', not found
file or directory '/app/applet/app/build/generated/ksp/debugUnitTest/java', not found
file or directory '/app/applet/app/build/generated/ksp/debugUnitTest/kotlin', not found
file or directory '/app/applet/app/src/test/kotlin', not found
file or directory '/app/applet/app/src/test/kotlin', not found
file or directory '/app/applet/app/src/testDebug/java', not found
file or directory '/app/applet/app/src/testDebug/java', not found
file or directory '/app/applet/app/src/testDebug/kotlin', not found
file or directory '/app/applet/app/src/testDebug/kotlin', not found
file or directory '/app/applet/app/src/testDebug/java', not found
file or directory '/app/applet/app/src/testDebug/java', not found
file or directory '/app/applet/app/build/generated/ksp/debugUnitTest/java', not found
file or directory '/app/applet/app/build/generated/ksp/debugUnitTest/kotlin', not found
file or directory '/app/applet/app/src/test/kotlin', not found
file or directory '/app/applet/app/src/test/kotlin', not found
file or directory '/app/applet/app/src/testDebug/java', not found
file or directory '/app/applet/app/src/testDebug/java', not found
file or directory '/app/applet/app/src/testDebug/kotlin', not found
file or directory '/app/applet/app/src/testDebug/kotlin', not found
file or directory '/app/applet/app/src/testDebug/java', not found
file or directory '/app/applet/app/src/testDebug/java', not found
file or directory '/app/applet/app/build/generated/ksp/debugUnitTest/java', not found
file or directory '/app/applet/app/build/generated/ksp/debugUnitTest/kotlin', not found
Kotlin source files: /app/applet/app/src/test/java/com/example/ExampleUnitTest.kt, /app/applet/app/src/test/java/com/example/ExampleRobolectricTest.kt
Java source files: 
Script source files: 
Script file extensions: 
Using Kotlin/JVM incremental compilation
[KOTLIN] Kotlin compilation 'jdkHome' argument: /usr/lib/jvm/temurin-21-jdk-amd64
Finished executing kotlin compiler using IN_PROCESS strategy
Stored cache entry for task ':app:compileDebugUnitTestKotlin' with cache key 9372a32772b4d289530ef29668b75d5f
Resolve mutations for :app:processDebugUnitTestJavaRes (Thread[#543,Execution worker Thread 2,5,main]) started.
:app:processDebugUnitTestJavaRes (Thread[#543,Execution worker Thread 2,5,main]) started.
Resolve mutations for :app:compileDebugUnitTestJavaWithJavac (Thread[#541,included builds,5,main]) started.
:app:compileDebugUnitTestJavaWithJavac (Thread[#541,included builds,5,main]) started.

> Task :app:compileDebugUnitTestJavaWithJavac NO-SOURCE
Skipping task ':app:compileDebugUnitTestJavaWithJavac' as it has no source files and no previous output files.

> Task :app:processDebugUnitTestJavaRes
file or directory '/app/applet/app/src/test/resources', not found
file or directory '/app/applet/app/src/testDebug/resources', not found
Caching disabled for task ':app:processDebugUnitTestJavaRes' because:
  Caching has been disabled for the task
Task ':app:processDebugUnitTestJavaRes' is not up-to-date because:
  No history is available.
file or directory '/app/applet/app/src/test/resources', not found
file or directory '/app/applet/app/src/testDebug/resources', not found
file or directory '/app/applet/app/src/test/resources', not found
file or directory '/app/applet/app/src/testDebug/resources', not found
file or directory '/app/applet/app/build/generated/ksp/debugUnitTest/resources', not found
Resolve mutations for :app:testDebugUnitTest (Thread[#543,Execution worker Thread 2,5,main]) started.
:app:testDebugUnitTest (Thread[#543,Execution worker Thread 2,5,main]) started.

> Task :app:testDebugUnitTest
Caching disabled for AarToClassTransform: /opt/gradle/.gradle/caches/modules-2/files-2.1/androidx.compose.ui/ui-test-junit4-android/1.7.2/c16110d3cebce1c267fc12d9b14f7c7a76fef4b8/ui-test-junit4-release.aar because:
  Caching not enabled.
Caching disabled for AarToClassTransform: /opt/gradle/.gradle/caches/modules-2/files-2.1/io.github.takahirom.roborazzi/roborazzi-compose/1.59.0/42b29bb81eb3e3285bd024f261b8c0a5b04ddc65/roborazzi-compose-1.59.0.aar because:
  Caching not enabled.
Caching disabled for AarToClassTransform: /opt/gradle/.gradle/caches/modules-2/files-2.1/androidx.compose.ui/ui-test-android/1.7.2/b66593be279bf0f318a67538c719f6e8db51369c/ui-test-release.aar because:
  Caching not enabled.
Caching disabled for AarToClassTransform: /opt/gradle/.gradle/caches/modules-2/files-2.1/io.github.takahirom.roborazzi/roborazzi-junit-rule/1.59.0/b78cfa91ffa2ff6dcabab32f1b921c9f2b724b1b/roborazzi-junit-rule-1.59.0.aar because:
  Caching not enabled.
Caching disabled for AarToClassTransform: /opt/gradle/.gradle/caches/modules-2/files-2.1/io.github.takahirom.roborazzi/roborazzi/1.59.0/d1df27a813cb398053bac7041e29c01f136603ed/roborazzi-1.59.0.aar because:
  Caching not enabled.
Caching disabled for IdentityTransform: /opt/gradle/.gradle/caches/modules-2/files-2.1/io.github.takahirom.roborazzi/roborazzi-painter-jvm/1.59.0/4f8414b6b9c05177e15de1148618726240488c7d/roborazzi-painter-jvm.jar because:
  Caching not enabled.
Caching disabled for AarToClassTransform: /opt/gradle/.gradle/caches/modules-2/files-2.1/io.github.takahirom.roborazzi/roborazzi-core-android/1.59.0/943ff53bc003d30f26737854a2d137e8aac3d08e/roborazzi-core-release.aar because:
  Caching not enabled.
Caching disabled for AarToClassTransform: /opt/gradle/.gradle/caches/modules-2/files-2.1/androidx.test.ext/junit/1.3.0/1461515f981eb6342553074fc9ffa0528c083f86/junit-1.3.0.aar because:
  Caching not enabled.
Caching disabled for AarToClassTransform: /opt/gradle/.gradle/caches/modules-2/files-2.1/androidx.test.ext/junit-ktx/1.2.1/49dd8ee25a6c4da2f06b4e2f6acc56533cc7ea99/junit-ktx-1.2.1.aar because:
  Caching not enabled.
Caching disabled for AarToClassTransform: /opt/gradle/.gradle/caches/modules-2/files-2.1/androidx.test.espresso/espresso-core/3.5.1/ad190e8b95ac21ceab785c880d5c781d9731c703/espresso-core-3.5.1.aar because:
  Caching not enabled.
Caching disabled for AarToClassTransform: /opt/gradle/.gradle/caches/modules-2/files-2.1/androidx.test/core/1.7.0/442a8eec92a3a26cd48e9605b161611520efd586/core-1.7.0.aar because:
  Caching not enabled.
Caching disabled for AarToClassTransform: /opt/gradle/.gradle/caches/modules-2/files-2.1/androidx.test/runner/1.5.2/e49fcc24df6f63c20334b8c8a065b838bd6983cd/runner-1.5.2.aar because:
  Caching not enabled.
Caching disabled for AarToClassTransform: /opt/gradle/.gradle/caches/modules-2/files-2.1/androidx.test.services/storage/1.6.0/25ee07e80508898ef0fb74ddec44f56fd7221011/storage-1.6.0.aar because:
  Caching not enabled.
Caching disabled for AarToClassTransform: /opt/gradle/.gradle/caches/modules-2/files-2.1/androidx.test/monitor/1.8.0/3b49e700fa301ccfc2126d60d0a2064836cfec85/monitor-1.8.0.aar because:
  Caching not enabled.
Caching disabled for AarToClassTransform: /opt/gradle/.gradle/caches/modules-2/files-2.1/androidx.test/annotation/1.0.1/5b8f891800db5da96485d08b42b1e435bc0c43da/annotation-1.0.1.aar because:
  Caching not enabled.
Caching disabled for IdentityTransform: /opt/gradle/.gradle/caches/modules-2/files-2.1/org.jetbrains.kotlinx/kotlinx-serialization-json-jvm/1.6.3/2241746853abf04073e3ab0dcd9e6729d363b313/kotlinx-serialization-json-jvm-1.6.3.jar because:
  Caching not enabled.
Caching disabled for IdentityTransform: /opt/gradle/.gradle/caches/modules-2/files-2.1/org.jetbrains.kotlinx/kotlinx-io-core-jvm/0.3.3/66d09333cd60ba1c48c9b906b3a888112653d252/kotlinx-io-core-jvm-0.3.3.jar because:
  Caching not enabled.
Caching disabled for IdentityTransform: /opt/gradle/.gradle/caches/modules-2/files-2.1/org.conscrypt/conscrypt-openjdk-uber/2.5.2/d858f142ea189c62771c505a6548d8606ac098fe/conscrypt-openjdk-uber-2.5.2.jar because:
  Caching not enabled.
Caching disabled for IdentityTransform: /opt/gradle/.gradle/caches/modules-2/files-2.1/com.google.errorprone/error_prone_annotation/2.41.0/e83c3036b7cd2eb35f713c73a743d85fecc487bf/error_prone_annotation-2.41.0.jar because:
  Caching not enabled.
Caching disabled for IdentityTransform: /opt/gradle/.gradle/caches/modules-2/files-2.1/org.jetbrains.kotlinx/kotlinx-io-bytestring-jvm/0.3.3/aaa11306c241f7ab75346f03c3849cf5f5c308f5/kotlinx-io-bytestring-jvm-0.3.3.jar because:
  Caching not enabled.
Caching disabled for IdentityTransform: /opt/gradle/.gradle/caches/modules-2/files-2.1/org.yaml/snakeyaml/2.4/e0666b825b796f85521f02360e77f4c92c5a7a07/snakeyaml-2.4.jar because:
  Caching not enabled.
Caching disabled for AarToClassTransform: /opt/gradle/.gradle/caches/modules-2/files-2.1/androidx.test.espresso/espresso-idling-resource/3.7.0/70b1e522e90b228d9d1aad1b22409ebb7657f43e/espresso-idling-resource-3.7.0.aar because:
  Caching not enabled.
Caching disabled for IdentityTransform: /opt/gradle/.gradle/caches/modules-2/files-2.1/com.google.testparameterinjector/test-parameter-injector/1.18/5da02ca88c55bab58071a33e3f5fb6cfcf5df270/test-parameter-injector-1.18.jar because:
  Caching not enabled.
Caching disabled for IdentityTransform: /opt/gradle/.gradle/caches/modules-2/files-2.1/org.robolectric/nativeruntime-dist-compat/1.0.18/a966cdb1df961a0df69acec8f98bb10d3ebf5f66/nativeruntime-dist-compat-1.0.18.jar because:
  Caching not enabled.
Caching disabled for AarTransform: /opt/gradle/.gradle/caches/9.3.1/transforms/1f67b6f15fd4a65bb8a65c7cc96b1342/transformed/roborazzi-compose-1.59.0 because:
  Caching not enabled.
Caching disabled for AarTransform: /opt/gradle/.gradle/caches/9.3.1/transforms/883a8d5f71698725cf771baa4c9c4906/transformed/ui-test-junit4-release because:
  Caching not enabled.
Caching disabled for AarTransform: /opt/gradle/.gradle/caches/9.3.1/transforms/f29f5891b4f667601e078499c05d707c/transformed/ui-test-release because:
  Caching not enabled.
Caching disabled for AarTransform: /opt/gradle/.gradle/caches/9.3.1/transforms/ca75f1e444ddd89338c23f9f7f1e54d6/transformed/roborazzi-junit-rule-1.59.0 because:
  Caching not enabled.
Caching disabled for AarTransform: /opt/gradle/.gradle/caches/9.3.1/transforms/1bf2e167bce0631b0ba7b07ff4721038/transformed/roborazzi-1.59.0 because:
  Caching not enabled.
Caching disabled for AarTransform: /opt/gradle/.gradle/caches/9.3.1/transforms/f3bacc855a502ca521f971b239b0b764/transformed/roborazzi-core-release because:
  Caching not enabled.
Caching disabled for AarTransform: /opt/gradle/.gradle/caches/9.3.1/transforms/03f9d90272e8eb9d72d35aab45d0c251/transformed/junit-ktx-1.2.1 because:
  Caching not enabled.
Caching disabled for AarTransform: /opt/gradle/.gradle/caches/9.3.1/transforms/ab717af1cd6078d3816f1c1d53d42123/transformed/junit-1.3.0 because:
  Caching not enabled.
Caching disabled for AarTransform: /opt/gradle/.gradle/caches/9.3.1/transforms/dea08d17a17deb728c982500916b1060/transformed/espresso-core-3.5.1 because:
  Caching not enabled.
Caching disabled for AarTransform: /opt/gradle/.gradle/caches/9.3.1/transforms/e77253a335ceaae9e37aba9f7207a6a7/transformed/core-1.7.0 because:
  Caching not enabled.
Caching disabled for AarTransform: /opt/gradle/.gradle/caches/9.3.1/transforms/5c47928825c9d46fdb31aee72b350e37/transformed/runner-1.5.2 because:
  Caching not enabled.
Caching disabled for AarTransform: /opt/gradle/.gradle/caches/9.3.1/transforms/89bbfbbfc741a84916e27667dfa93fac/transformed/storage-1.6.0 because:
  Caching not enabled.
Caching disabled for AarTransform: /opt/gradle/.gradle/caches/9.3.1/transforms/e0e1ea3c31c277b5c47ca461e1729ef9/transformed/annotation-1.0.1 because:
  Caching not enabled.
Caching disabled for AarTransform: /opt/gradle/.gradle/caches/9.3.1/transforms/3d6412384bd5822160776e5b8c0cab80/transformed/espresso-idling-resource-3.7.0 because:
  Caching not enabled.
Caching disabled for AarTransform: /opt/gradle/.gradle/caches/9.3.1/transforms/b126c193755b17d101087e83769ce716/transformed/monitor-1.8.0 because:
  Caching not enabled.
Build cache key for MockableJarTransform: /opt/android/sdk/platforms/android-36.1/android.jar is 34ee0f34cdcf140fd3bff881e8a4bd9c
Calling mockable JAR artifact transform to create file: /opt/gradle/.gradle/caches/9.3.1/transforms/2eb221fd4e2737ff0929c633186255c7-d293567e-2f3f-4c4c-ae97-2bba33956b92/transformed/android.jar with input /opt/android/sdk/platforms/android-36.1/android.jar
Stored cache entry for MockableJarTransform: /opt/android/sdk/platforms/android-36.1/android.jar with cache key 34ee0f34cdcf140fd3bff881e8a4bd9c
Build cache key for task ':app:testDebugUnitTest' is 30e34578f34dad44150e8a87b94a1184
Task ':app:testDebugUnitTest' is not up-to-date because:
  No history is available.
file or directory '/app/applet/app/build/generated/ksp/debugUnitTest/resources', not found
file or directory '/app/applet/app/build/generated/ksp/debugUnitTest/classes', not found
file or directory '/app/applet/app/build/intermediates/javac/debugUnitTest/compileDebugUnitTestJavaWithJavac/classes', not found
Starting process 'Gradle Test Executor 1'. Working directory: /app/applet/app Command: /usr/lib/jvm/temurin-21-jdk-amd64/bin/java -Djava.awt.headless=true -Djava.library.path=/usr/java/packages/lib:/usr/lib64:/lib64:/lib:/usr/lib:/app/applet/app/src/testDebug/jniLibs:/app/applet/app/src/test/jniLibs -Dorg.gradle.internal.worker.tmpdir=/app/applet/app/build/tmp/testDebugUnitTest/work --add-opens=java.base/java.io=ALL-UNNAMED @/opt/gradle/.gradle/.tmp/gradle-worker-classpath15787931532275412196txt -Xmx512m -Dfile.encoding=UTF-8 -Duser.country=US -Duser.language=en -Duser.variant -ea worker.org.gradle.process.internal.worker.GradleWorkerMain 'Gradle Test Executor 1'
Successfully started process 'Gradle Test Executor 1'

Gradle Test Executor 1 started executing tests.
Gradle Test Executor 1 finished executing tests.

> Task :app:testDebugUnitTest
Generating HTML test report...
Finished generating test html results (0.088 secs) into: /app/applet/app/build/reports/tests/testDebugUnitTest
Finished generating test XML results (0.009 secs) into: /app/applet/app/build/test-results/testDebugUnitTest
Stored cache entry for task ':app:testDebugUnitTest' with cache key 30e34578f34dad44150e8a87b94a1184
Resolve mutations for :app:finalizeTestRoborazziDebug (Thread[#543,Execution worker Thread 2,5,main]) started.
Resolve mutations for :app:test (Thread[#544,Execution worker Thread 3,5,main]) started.
:app:test (Thread[#544,Execution worker Thread 3,5,main]) started.
:app:finalizeTestRoborazziDebug (Thread[#543,Execution worker Thread 2,5,main]) started.

> Task :app:test
Skipping task ':app:test' as it has no actions.

> Task :app:finalizeTestRoborazziDebug SKIPPED
Roborazzi: roborazziTestFinalizer.onlyIf doesRoborazziRun false
Skipping task ':app:finalizeTestRoborazziDebug' as task onlyIf 'Task satisfies onlyIf spec' is false.
Build f0a98d9a-4eca-4b71-892f-88b2dc86b53f is started
Build f0a98d9a-4eca-4b71-892f-88b2dc86b53f is closed

See the complete report at file:///app/applet/build/reports/configuration-cache/7w1aoinb8zw58h5xrz29pigi5/30on1oyxitprxt38hlg2s52b2/configuration-cache-report.html

BUILD SUCCESSFUL in 51s
32 actionable tasks: 10 executed, 22 up-to-date
Configuration cache entry stored.
